:020000040800F2
:1000000000000220A5160008851300088D130008C3
:10001000951300089D130008A513000800000000B8
:100020000000000000000000000000002156000851
:10003000AD13000800000000715800082D320008C0
:10004000F5160008F5160008F5160008F516000864
:10005000F5160008F5160008BB130008F516000891
:10006000F5160008F5160008F5160008F516000844
:10007000F5160008F5160008F5160008F516000834
:10008000F5160008F5160008F51600080000000037
:10009000000000000000000000000000F51600084D
:1000A000F5160008C9130008F5160008F516000833
:1000B000F5160008F5160008F5160008F5160008F4
:1000C000F5160008F5160008F5160008F5160008E4
:1000D000F5160008F5160008F516000800000000E7
:1000E000F5160008F5160008F516000800000000D7
:1000F000000000000000000000000000F5160008ED
:1001000000000000F5160008F5160008F5160008B6
:1001100000000000000000000000000000000000DF
:10012000F5160008F5160008F5160008F516000883
:10013000F5160008000000000000000000000000AC
:10014000000000000000000000000000F51600089C
:10015000F5160008F5160008F5160008F516000853
:10016000F5160008F5160008000000000000000069
:10017000000000000000000000000000000000007F
:1001800000000000F516000800000000000000005C
:08019000F5160008F516000841
:1001A00010B5054C237833B9044B13B10448AFF3B1
:1001B00000800123237010BDD80100200000000042
:1001C0008CA5000808B5034B1BB103490348AFF3E6
:1001D000008008BD00000000DC0100208CA50008A4
:1001E00001F0FF01102A2BDB10F0070F08D010F8E8
:1001F000013B013A8B422DD010F0070F42B3F6D1EC
:10020000F0B441EA012141EA014122F007047FF004
:1002100000070023F0E80256083C85EA010586EA5B
:10022000010685FA47F5A3FA87F586FA47F6A5FA97
:1002300087F68EB9EED1F0BC01F0FF0102F00702A3
:1002400032B110F8013B013A83EA010313B1F8D14E
:100250000020704701387047002D06BF354603382F
:10026000073815F0010F07D1013015F4807F02BF68
:10027000013015F4C03F0130F0BC0138704700BFB9
:10028000034613F8012B002AFBD1181A01387047D6
:1002900081F0004102E000BF83F0004330B54FEA37
:1002A00041044FEA430594EA050F08BF90EA020FA4
:1002B0001FBF54EA000C55EA020C7FEA645C7FEA37
:1002C000655C00F0E2804FEA5454D4EB5555B8BF5A
:1002D0006D420CDD2C4480EA020281EA030382EACB
:1002E000000083EA010180EA020281EA0303362D5D
:1002F00088BF30BD11F0004F4FEA01314FF4801C30
:100300004CEA113102D0404261EB410113F0004F41
:100310004FEA03334CEA133302D0524263EB4303F8
:1003200094EA050F00F0A780A4F10104D5F1200E96
:100330000DDB02FA0EFC22FA05F2801841F10001F1
:1003400003FA0EF2801843FA05F359410EE0A5F1C5
:1003500020050EF1200E012A03FA0EFC28BF4CF0F6
:10036000020C43FA05F3C01851EBE37101F00045AC
:1003700007D54FF0000EDCF1000C7EEB00006EEBB9
:100380000101B1F5801F1BD3B1F5001F0CD3490843
:100390005FEA30004FEA3C0C04F101044FEA44529A
:1003A00012F5800F80F09A80BCF1004F08BF5FEA21
:1003B000500C50F1000041EB045141EA050130BD01
:1003C0005FEA4C0C404141EB0101013C28BFB1F513
:1003D000801FE9D291F0000F04BF01460020B1FA5E
:1003E00081F308BF2033A3F10B03B3F120020CDA31
:1003F0000C3208DD02F1140CC2F10C0201FA0CF00F
:1004000021FA02F10CE002F11402D8BFC2F1200C73
:1004100001FA02F120FA0CFCDCBF41EA0C01904029
:10042000E41AA2BF01EB0451294330BD6FEA040472
:100430001F3C1CDA0C340EDC04F11404C4F120025D
:1004400020FA04F001FA02F340EA030021FA04F36F
:1004500045EA030130BDC4F10C04C4F1200220FAC6
:1004600002F001FA04F340EA0300294630BD21FA04
:1004700004F0294630BD94F0000F83F4801306BFCA
:1004800081F480110134013D4EE77FEA645C18BFBE
:100490007FEA655C29D094EA050F08BF90EA020F55
:1004A00005D054EA000C04BF1946104630BD91EA4D
:1004B000030F1EBF0021002030BD5FEA545C05D150
:1004C0004000494128BF41F0004130BD14F580048F
:1004D0003CBF01F5801130BD01F0004545F0FE4103
:1004E00041F470014FF0000030BD7FEA645C1ABF38
:1004F000194610467FEA655C1CBF0B46024650EA6F
:10050000013406BF52EA033591EA030F41F400219A
:1005100030BD00BF90F0000F04BF0021704730B520
:100520004FF4806404F132044FF000054FF00001F5
:1005300050E700BF90F0000F04BF0021704730B5B6
:100540004FF4806404F1320410F0004548BF40428B
:100550004FF000013EE700BF42004FEAE2014FEAE0
:1005600031014FEA02701FBF12F07F4393F07F4FBB
:1005700081F06051704732F07F4208BF704793F0BE
:100580007F4F04BF41F40021704730B54FF46074D1
:1005900001F0004521F000411CE700BF50EA0102D4
:1005A00008BF704730B54FF000050AE050EA01027D
:1005B00008BF704730B511F0004502D5404261EBED
:1005C00041014FF4806404F132045FEA915C3FF42E
:1005D000D8AE4FF003025FEADC0C18BF03325FEACB
:1005E000DC0C18BF033202EBDC02C2F1200300FA7C
:1005F00003FC20FA02F001FA03FE40EA0E0021FAA1
:1006000002F11444BDE600BF70B54FF0FF0C4CF48E
:10061000E06C1CEA11541DBF1CEA135594EA0C0F40
:1006200095EA0C0F00F0DEF82C4481EA030621EA7B
:100630004C5123EA4C5350EA013518BF52EA0335B6
:1006400041F4801143F4801338D0A0FB02CE4FF068
:100650000005E1FB02E506F00042E0FB03E54FF098
:100660000006E1FB03569CF0000F18BF4EF0010E90
:10067000A4F1FF04B6F5007F64F5407404D25FEA8C
:100680004E0E6D4146EB060642EAC62141EA55513F
:100690004FEAC52040EA5E504FEACE2EB4F1FD0C81
:1006A00088BFBCF5E06F1ED8BEF1004F08BF5FEAFF
:1006B000500E50F1000041EB045170BD06F00046B1
:1006C00046EA010140EA020081EA0301B4EB5C045E
:1006D000C2BFD4EB0C0541EA045170BD41F4801156
:1006E0004FF0000E013C00F3AB8014F1360FDEBF7B
:1006F000002001F0004170BDC4F10004203C35DA57
:100700000C341BDC04F11404C4F1200500FA05F3D9
:1007100020FA04F001FA05F240EA020001F000427A
:1007200021F0004110EBD37021FA04F642EB0601F0
:100730005EEA430E08BF20EAD37070BDC4F10C041A
:10074000C4F1200500FA04F320FA05F001FA04F2DE
:1007500040EA020001F0004110EBD37041F10001CA
:100760005EEA430E08BF20EAD37070BDC4F12005D5
:1007700000FA05F24EEA020E20FA04F301FA05F23D
:1007800043EA020321FA04F001F0004121FA04F2E5
:1007900020EA020000EBD3705EEA430E08BF20EAB5
:1007A000D37070BD94F0000F0FD101F000464000EF
:1007B00041EB010111F4801F08BF013CF7D041EA71
:1007C000060195F0000F18BF704703F00046520075
:1007D00043EB030313F4801F08BF013DF7D043EA46
:1007E0000603704794EA0C0F0CEA135518BF95EAFC
:1007F0000C0F0CD050EA410618BF52EA4306D1D183
:1008000081EA030101F000414FF0000070BD50EAA1
:10081000410606BF1046194652EA430619D094EA2B
:100820000C0F02D150EA013613D195EA0C0F05D115
:1008300052EA03361CBF104619460AD181EA030169
:1008400001F0004141F0FE4141F470014FF0000021
:1008500070BD41F0FE4141F4780170BD70B54FF0BC
:10086000FF0C4CF4E06C1CEA11541DBF1CEA13553C
:1008700094EA0C0F95EA0C0F00F0A7F8A4EB05041E
:1008800081EA030E52EA03354FEA013100F0888015
:100890004FEA03334FF0805545EA131343EA1263DE
:1008A0004FEA022245EA111545EA10654FEA002693
:1008B0000EF000419D4208BF964244F1FD0404F54C
:1008C000407402D25B084FEA3202B61A65EB0305A8
:1008D0005B084FEA32024FF480104FF4002CB6EB65
:1008E000020E75EB030E22BFB61A754640EA0C00E5
:1008F0005B084FEA3202B6EB020E75EB030E22BF25
:10090000B61A754640EA5C005B084FEA3202B6EB65
:10091000020E75EB030E22BFB61A754640EA9C0024
:100920005B084FEA3202B6EB020E75EB030E22BFF4
:10093000B61A754640EADC0055EA060E18D04FEAB2
:10094000051545EA16754FEA06164FEAC30343EA52
:1009500052734FEAC2025FEA1C1CC0D111F4801F1F
:100960000BD141EA00014FF000004FF0004CB6E718
:1009700011F4801F04BF01430020B4F1FD0C88BFB7
:10098000BCF5E06F3FF6AFAEB5EB030C04BFB6EBC2
:10099000020C5FEA500C50F1000041EB045170BDB5
:1009A0000EF0004E4EEA113114EB5C04C2BFD4EBE2
:1009B0000C0541EA045170BD41F480114FF0000E66
:1009C000013C90E645EA060E8DE60CEA135594EAE2
:1009D0000C0F08BF95EA0C0F3FF43BAF94EA0C0FE5
:1009E0000AD150EA01347FF434AF95EA0C0F7FF45A
:1009F00025AF104619462CE795EA0C0F06D152EAAE
:100A000003353FF4FDAE1046194622E750EA410691
:100A100018BF52EA43067FF4C5AE50EA41047FF4A2
:100A20000DAF52EA43057FF4EBAE12E74FF0FF3C07
:100A300006E000BF4FF0010C02E000BF4FF0010CD8
:100A40004DF804CD4FEA410C7FEA6C5C4FEA430C51
:100A500018BF7FEA6C5C1BD001B050EA410C0CBFA0
:100A600052EA430C91EA030F02BF90EA020F002002
:100A7000704710F1000F91EA030F58BF994208BF69
:100A800090422CBFD8176FEAE37040F00100704726
:100A90004FEA410C7FEA6C5C02D150EA013C07D17D
:100AA0004FEA430C7FEA6C5CD6D152EA033CD3D0C8
:100AB0005DF8040B704700BF8446104662468C46C2
:100AC0001946634600E000BF01B5FFF7B7FF0028F5
:100AD00048BF10F1000F01BD4DF808EDFFF7F4FF1E
:100AE0000CBF012000205DF808FB00BF4DF808EDA9
:100AF000FFF7EAFF34BF012000205DF808FB00BFCC
:100B00004DF808EDFFF7E0FF94BF012000205DF8ED
:100B100008FB00BF4DF808EDFFF7CEFF94BF0120A2
:100B200000205DF808FB00BF4DF808EDFFF7C4FF9B
:100B300034BF012000205DF808FB00BF4FEA410CE4
:100B40007FEA6C5C02D150EA013C0AD14FEA430CC7
:100B50007FEA6C5C02D152EA033C02D14FF0000004
:100B600070474FF0010070474FEA410212F5001242
:100B700015D211D56FF47873B3EB625212D94FEAE4
:100B8000C12343F0004343EA505311F0004F23FACE
:100B900002F018BF404270474FF00000704750EA23
:100BA000013005D111F0004008BF6FF000407047E0
:100BB0004FF00000704700BF4A0011D212F500123A
:100BC00011D20DD56FF47873B3EB62520ED44FEAA5
:100BD000C12343F0004343EA505323FA02F0704725
:100BE0004FF00000704750EA013002D14FF0FF3063
:100BF00070474FF0000070474FEA4102B2F1E04306
:100C000024BFB3F5001CDCF1FE5C0DD901F0004CF3
:100C10004FEAC0024CEA5070B2F1004F40EB830043
:100C200008BF20F00100704711F0804F21D113F16F
:100C30003872BCBF01F00040704741F480114FEAA8
:100C40005252C2F11802C2F1200C10FA0CF320FA31
:100C500002F018BF40F001004FEAC1234FEAD3234E
:100C600003FA0CFC40EA0C0023FA02F34FEA4303B8
:100C7000CCE77FEA625307D150EA01331EBF4FF041
:100C8000FE4040F44000704701F0004040F0FE405C
:100C900040F40000704700BF53B94AB9002908BFAB
:100CA00000281CBF4FF0FF314FF0FF3000F0A0B91B
:100CB000ADF1080C6DE904CE00F03CF8DDF804E07D
:100CC000DDE9022304B0704738B500220023044652
:100CD0000D46FFF70BFF28B920462946BDE83840EE
:100CE00000F00AB8204605F1004100F005F8404246
:100CF00061EB410138BD00BFD0B50C4B0022064668
:100D00000F46FFF781FCFFF757FF0446FFF702FC91
:100D1000074B0022FFF778FC02460B463046394667
:100D2000FFF7BAFAFFF748FF2146D0BD0000F03DBB
:100D30000000F0412DE9F047089D0C46002B4ED1F4
:100D400094468C458646B2FA82F262D94AB1C2F123
:100D50002003914020FA03F30CFA02FC194300FA35
:100D600002FE4FEA1C471FFA8CF6B1FBF7F44FEA7C
:100D70001E4307FB141143EA014304FB06F19942A9
:100D80000AD91CEB030304F1FF3080F01281994271
:100D900040F20F81023C6344591A1FFA8EF3B1FBF3
:100DA000F7F007FB101143EA014300FB06F69E42F1
:100DB0000AD91CEB030300F1FF3180F0FC809E4256
:100DC00040F2F980634402389B1B40EA0440002152
:100DD0001DB1D3400022C5E90032BDE8F0878B4247
:100DE00005D90DB1C5E9000100210846F5E7B3FAC0
:100DF00083F1002946D1A34202D39042C0F0F08093
:100E0000861A64EB03030120002DE6D0C5E90063D8
:100E1000E3E7002A40F09080A1EB0C044FEA1C4865
:100E20001FFA8CF70121B4FBF8F64FEA1E4308FBCA
:100E3000164443EA044307FB06F0984208D91CEB2A
:100E4000030306F1FF3402D2984200F2CD80264619
:100E50001C1A1FFA8EF3B4FBF8F008FB104443EAA7
:100E6000044300FB07F79F4208D91CEB030300F182
:100E7000FF3402D29F4200F2B0802046DB1B40EAE2
:100E80000640A5E7C1F120068B4022FA06F71F4372
:100E900020FA06FC04FA01F343EA0C03F44000FADA
:100EA00001F8380C4FEA1349B4FBF0FE1FFA87FC37
:100EB00000FB1E4449EA04440EFB0CF9A14502FA6A
:100EC00001F20AD93C190EF1FF3A80F08480A14565
:100ED00040F28180AEF1020E3C44A4EB09041FFAFB
:100EE00083F9B4FBF0F300FB134449EA044403FB29
:100EF0000CFCA44507D93C1903F1FF3067D2A44587
:100F000065D9023B3C4443EA0E40A0FB0293A4EBAC
:100F10000C049C42CE469C4651D34ED055B1B8EB02
:100F20000E0364EB0C0404FA06F6CB401E43CC40DF
:100F3000C5E90064002150E7C2F1200320FA03F163
:100F40000CFA02FC24FA03F394400C434FEA1C48C9
:100F500000FA02FE1FFA8CF7B3FBF8F008FB103121
:100F6000230C43EA014300FB07F1994208D91CEB2B
:100F7000030300F1FF362CD299422AD90238634488
:100F80005B1AA4B2B3FBF8F108FB113344EA034443
:100F900001FB07F3A34208D91CEB040401F1FF365F
:100FA00013D2A34211D902396444E41A41EA004140
:100FB00039E70446F0E6084606E7C845AED2B9EB85
:100FC000020E63EB070C0138A8E73146EDE7034654
:100FD00099E73046D4E7D6467FE7634402384DE7C9
:100FE0000646234608460FE7023E634430E700BF4B
:100FF000704700BF80B582B002AF0B4A00210B489A
:1010000002F078F903460A4A13600A4B0193192348
:10101000009300234FF400720749084803F096F844
:1010200000BFBD4680BD00BFBCA60008411000083F
:10103000F40100208C020020B4A50008F916000875
:1010400080B582B000AF7860642002F0E5F9FBE77C
:1010500080B588B000AF07F10C0300221A605A6017
:101060009A60DA601A610023BB602B4B1B6B2A4A23
:1010700043F004031363284B1B6B03F00403BB60B2
:10108000BB6800237B60244B1B6B234A43F0800327
:101090001363214B1B6B03F080037B607B68002391
:1010A0003B601D4B1B6B1C4A43F0010313631A4B3F
:1010B0001B6B03F001033B603B6800224FF40051BF
:1010C000164800F095FE4FF40053FB6001233B618E
:1010D00000237B610023BB6107F10C0319460F4815
:1010E00000F0EAFC0123FB604FF444133B61012351
:1010F0007B6107F10C031946094800F0DDFC002272
:101100000521062000F0AEFC062000F0C7FC00BF61
:101110002037BD4680BD00BF0038024000080240B5
:101120000000024080B500AF00F0A2FB00F00CF818
:10113000FFF78EFF00F02AFA02F092F8FFF75AFF4D
:1011400002F0B2F800BFFDE780B594B000AF07F140
:10115000200330220021184605F0D4FE07F10C03CD
:1011600000221A605A609A60DA601A610023BB603C
:10117000274B1B6C264A43F080531364244B1B6C93
:1011800003F08053BB60BB6800237B60214B1B686E
:10119000204A43F4404313601E4B1B6803F4404352
:1011A0007B607B6802233B620123FB6210233B636D
:1011B0000223BB630023FB6308233B6464237B643B
:1011C0000223BB640423FB6407F12003184600F0EC
:1011D00041FE0346002B01D000F030F80F23FB60E6
:1011E00002233B6100237B614FF48053BB610023EA
:1011F000FB6107F10C030321184601F0A3F8034635
:10120000002B01D000F01AF800BF5037BD4680BD5A
:10121000003802400070004080B582B000AF7860B6
:101220007B681B68044A934201D100F043FB00BF76
:101230000837BD4680BD00BF0000014080B400AF4C
:1012400072B600BF00BFFDE780B582B000AF0023DB
:101250007B60124B5B6C114A43F4804353640F4B29
:101260005B6C03F480437B607B6800233B600B4B2B
:101270001B6C0A4A43F080531364084B1B6C03F049
:1012800080533B603B6800220F216FF0010000F0AB
:10129000E9FB00BF0837BD4680BD00BF00380240F3
:1012A00080B58CB000AF78600023BB6200237B6206
:1012B0000023BB602E4B5B6C2D4A43F0010353644B
:1012C0002B4B5B6C03F00103BB60BB6807F10C02A6
:1012D00007F110031146184601F014FA01F0FEF967
:1012E000B862BB6A234AA2FB03239B0C013B7B62CF
:1012F000214B224A1A60204B40F2E732DA601E4A44
:101300007B6A53601C4B00221A611B4B00229A60BF
:10131000194B00229A61184801F026FA034687F813
:101320002F3097F82F30002B1BD1134801F076FA9D
:10133000034687F82F3097F82F30002B11D1192052
:1013400000F0ACFB7B680F2B08D8002279681920CD
:1013500000F088FB0A4A7B68136002E0012387F8EB
:101360002F3097F82F3018463037BD4680BD00BF6C
:101370000038024083DE1B43F801002000000140DA
:101380000400002080B400AF00BFFDE780B400AFD0
:1013900000BFFDE780B400AF00BFFDE780B400AF41
:1013A00000BFFDE780B400AF00BFFDE780B400AF31
:1013B00000BFBD465DF8047B704780B500AF0120DB
:1013C00000F030FD00BF80BD80B500AF024801F0E5
:1013D00087FA00BF80BD00BFF801002080B400AFD5
:1013E00001231846BD465DF8047B704780B582B086
:1013F00000AF7860396005F0D7FD034616221A6009
:101400004FF0FF3318460837BD4680BD80B582B027
:1014100000AF78604FF0FF317868FFF7E7FF00BF5B
:10142000FDE780B586B000AFF860B9607A60002350
:101430007B610AE0AFF300800146BB685A1CBA60CA
:10144000CAB21A707B6901337B617A697B689A4200
:10145000F0DB7B6818461837BD4680BD80B586B086
:1014600000AFF860B9607A6000237B6109E0BB6877
:101470005A1CBA601B78184600F0FAF87B690133F1
:101480007B617A697B689A42F1DB7B681846183782
:10149000BD4680BD80B483B000AF78604FF0FF33AD
:1014A00018460C37BD465DF8047B704780B483B0A6
:1014B00000AF786039603B684FF400525A600023F7
:1014C00018460C37BD465DF8047B704780B483B086
:1014D00000AF7860012318460C37BD465DF8047BE9
:1014E000704780B485B000AFF860B9607A600023BF
:1014F00018461437BD465DF8047B704780B586B04A
:1015000000AF7860144A154BD31A7B617B693B614D
:10151000134B1B68002B02D1114B124A1A60104B5F
:101520001A687B6813443A699A4207D205F03CFD79
:1015300003460C221A604FF0FF3309E0084B1B688A
:10154000FB60074B1A687B681344054A1360FB680D
:1015500018461837BD4680BD000002200004000078
:1015600040020020484D002080B400AF064BD3F865
:101570008830054A43F47003C2F8883000BFBD4686
:101580005DF8047B704700BF00ED00E080B500AF60
:10159000114B124A1A60104B4FF4E1325A600E4B55
:1015A00000229A600C4B0022DA600B4B00221A6179
:1015B000094B0C225A61084B00229A61064B00220B
:1015C000DA61054801F044FB0346002B01D0FFF728
:1015D00035FE00BF80BD00BF440200200010014066
:1015E00080B58AB000AF786007F1140300221A605A
:1015F0005A609A60DA601A617B681B68194A9342E4
:101600002CD100233B61184B5B6C174A43F010034D
:101610005364154B5B6C03F010033B613B69002383
:10162000FB60114B1B6B104A43F0010313630E4B1D
:101630001B6B03F00103FB60FB684FF4C0637B612D
:101640000223BB610023FB6103233B6207237B6210
:1016500007F114031946054800F02EFA00BF283799
:10166000BD4680BD0010014000380240000002402D
:1016700080B582B000AF786002F04CFF00BF084B2D
:101680001B6803F04003002BF9D07B68DAB2044BEF
:101690005A6002F04DFF7B6818460837BD4680BD92
:1016A00000100140DFF834D0FFF75EFF0C480D4911
:1016B0000D4A002302E0D458C4500433C4188C42AD
:1016C000F9D30A4A0A4C002301E013600432A24213
:1016D000FBD305F06FFCFFF725FD704700000220EB
:1016E00000000020D801002038AB0008D8010020FD
:1016F000444D0020FEE7000080B584B000AF786064
:101700000023FB7300220121052002F070F803463C
:10171000314A136000220821052002F068F80346D0
:101720002E4A13602C4B1B68002B03D12C4805F06C
:10173000E9FA02E02B4805F0E5FA2B4B1A78FB7B1F
:101740009A4245D0244B186807F10F01002300226C
:1017500002F0ACF80346012B2ED1FB7B032B33D8D0
:1017600001A252F823F000BF79170008891700087A
:1017700099170008A917000802F078FF03461946D8
:101780001A4805F057FA20E002F070FF03461946A8
:10179000174805F04FFA18E002F068FF03461946B3
:1017A000144805F047FA10E002F060FF03461946BE
:1017B000114805F03FFA08E002F058FF03461946C9
:1017C0000E4805F037FA00E000BFFA7B064B1A70AE
:1017D0000A2002F001FEB0E7900200209C020020E7
:1017E000C0A50008DCA50008A0020020FCA5000898
:1017F00018A6000838A6000858A6000878A6000811
:1018000080B582B000AF0346FB80FB8819461548BF
:1018100000F0D6FA0346002B08D102F027FF03465A
:10182000114A1360104B01221A710FE0FB88194610
:101830000C4800F0C5FA0346012B07D102F016FF51
:101840000346094A1360084B02221A71074B1868B5
:1018500000230022044902F02BF900BF0837BD46DF
:1018600080BD00BF00000240940200209C020020C6
:1018700080B500AF0E4B1B680D4A43F40073136034
:101880000B4B1B680A4A43F480631360084B1B68C8
:10189000074A43F480731360032000F0D8F80F2048
:1018A000FFF7FEFCFFF7D0FC0023184680BD00BF09
:1018B000003C024080B400AF064B1B781A46064B32
:1018C0001B681344044A136000BFBD465DF8047BE7
:1018D000704700BF08000020A402002080B400AFC1
:1018E000034B1B681846BD465DF8047B704700BF7C
:1018F000A402002080B485B000AF78607B6803F05C
:101900000703FB600C4BDB68BB60BA684FF6FF0354
:101910001340BB60FB681A02BB68134343F0BF630C
:1019200043F40033BB60044ABB68D36000BF143784
:10193000BD465DF8047B704700ED00E080B400AF69
:10194000044BDB681B0A03F007031846BD465DF82D
:10195000047B704700ED00E080B483B000AF034625
:10196000FB7197F90730002B0BDBFB7903F01F02AB
:10197000074997F907305B09012000FA02F241F8A4
:10198000232000BF0C37BD465DF8047B704700BFC5
:1019900000E100E080B483B000AF03463960FB7122
:1019A00097F90730002B0ADB3B68DAB20C4997F94C
:1019B00007301201D2B20B4483F800230AE03B68DF
:1019C000DAB20849FB7903F00F03043B1201D2B2EB
:1019D0000B441A7600BF0C37BD465DF8047B704798
:1019E00000E100E000ED00E080B489B000AFF860F5
:1019F000B9607A60FB6803F00703FB61FB69C3F120
:101A00000703042B28BF0423BB61FB690433062BA7
:101A100002D9FB69033B00E000237B614FF0FF32FA
:101A2000BB6902FA03F3DA43BB681A407B699A4048
:101A30004FF0FF317B6901FA03F3D9437B680B4018
:101A4000134318462437BD465DF8047B704780B5C4
:101A500082B000AF78607868FFF74CFF00BF0837AE
:101A6000BD4680BD80B586B000AF0346B9607A60E0
:101A7000FB7300237B61FFF761FF78617A68B968C7
:101A80007869FFF7B1FF024697F90F301146184603
:101A9000FFF780FF00BF1837BD4680BD80B582B01C
:101AA00000AF0346FB7197F907301846FFF754FF64
:101AB00000BF0837BD4680BD80B489B000AF7860F4
:101AC000396000237B6100233B610023BB6100235D
:101AD000FB6159E10122FB6902FA03F37B613B6878
:101AE0001B687A6913403B613A697B699A4240F00E
:101AF00048813B685B6803F00303012B05D03B681A
:101B00005B6803F00303022B30D17B689B68BB61E9
:101B1000FB695B00032202FA03F3DB43BA6913405B
:101B2000BB613B68DA68FB695B0002FA03F3BA69E0
:101B30001343BB617B68BA699A607B685B68BB6171
:101B40000122FB6902FA03F3DB43BA691340BB616C
:101B50003B685B681B0903F00102FB6902FA03F3AF
:101B6000BA691343BB617B68BA695A603B685B68BA
:101B700003F00303032B17D07B68DB68BB61FB69B1
:101B80005B00032202FA03F3DB43BA691340BB6133
:101B90003B689A68FB695B0002FA03F3BA69134376
:101BA000BB617B68BA69DA603B685B6803F003037A
:101BB000022B23D1FB69DA087B68083253F8223004
:101BC000BB61FB6903F007039B000F2202FA03F3DA
:101BD000DB43BA691340BB613B681A69FB6903F0D8
:101BE00007039B0002FA03F3BA691343BB61FB6965
:101BF000DA087B680832B96943F822107B681B68F1
:101C0000BB61FB695B00032202FA03F3DB43BA69A1
:101C10001340BB613B685B6803F00302FB695B0038
:101C200002FA03F3BA691343BB617B68BA691A60AD
:101C30003B685B6803F44033002B00F0A280002374
:101C4000FB60574B5B6C564A43F480435364544BE0
:101C50005B6C03F48043FB60FB68524AFB699B08A2
:101C6000023352F82330BB61FB6903F003039B008E
:101C70000F2202FA03F3DB43BA691340BB617B68AE
:101C8000494A934219D07B68484A934213D07B68F3
:101C9000474A93420DD07B68464A934207D07B68FF
:101CA000454A934201D1042308E0072306E00323B9
:101CB00004E0022302E0012300E00023FA6902F0BD
:101CC000030292009340BA691343BB613549FB6933
:101CD0009B080233BA6941F82320384B9B68BB61EB
:101CE0003B69DB43BA691340BB613B685B6803F443
:101CF0008013002B03D0BA693B691343BB612F4AA1
:101D0000BB6993602D4BDB68BB613B69DB43BA6900
:101D10001340BB613B685B6803F40013002B03D0E6
:101D2000BA693B691343BB61244ABB69D360234B47
:101D30005B68BB613B69DB43BA691340BB613B68CD
:101D40005B6803F40033002B03D0BA693B6913438B
:101D5000BB611A4ABB695360184B1B68BB613B6986
:101D6000DB43BA691340BB613B685B6803F48033B3
:101D7000002B03D0BA693B691343BB610F4ABB69AF
:101D80001360FB690133FB61FB690F2B7FF6A2AE89
:101D900000BF00BF2437BD465DF8047B704700BF1D
:101DA00000380240003801400000024000040240B8
:101DB00000080240000C024000100240003C0140BC
:101DC00080B485B000AF78600B467B807B681A6971
:101DD0007B881340002B02D00123FB7301E000231A
:101DE000FB73FB7B18461437BD465DF8047B7047D8
:101DF00080B483B000AF78600B467B8013467B7065
:101E00007B78002B03D07A887B689A6103E07B881B
:101E10001A047B689A6100BF0C37BD465DF8047BED
:101E20007047000080B582B000AF0346FB80084BCE
:101E30005A69FB881340002B06D0054AFB88536182
:101E4000FB881846FFF7DCFC00BF0837BD4680BDA5
:101E5000003C014080B586B000AF78607B68002B05
:101E600001D1012367E27B681B6803F00103002BAB
:101E700075D0884B9B6803F00C03042B0CD0854B6A
:101E80009B6803F00C03082B12D1824B5B6803F4B0
:101E90008003B3F5800F0BD17E4B1B6803F4003336
:101EA000002B5BD07B685B68002B57D1012342E29B
:101EB0007B685B68B3F5803F06D1764B1B68754A3B
:101EC00043F4803313601DE07B685B68B3F5A02F9B
:101ED0000CD1704B1B686F4A43F4802313606D4B29
:101EE0001B686C4A43F4803313600BE0694B1B683A
:101EF000684A23F480331360664B1B68654A23F4F9
:101F0000802313607B685B68002B13D0FFF7E6FC2F
:101F1000386108E0FFF7E2FC02463B69D31A642B04
:101F200001D9032307E25B4B1B6803F40033002B4A
:101F3000F0D014E0FFF7D2FC386108E0FFF7CEFCE8
:101F400002463B69D31A642B01D90323F3E1514BB9
:101F50001B6803F40033002BF0D100E000BF7B6866
:101F60001B6803F00203002B63D04A4B9B6803F00D
:101F70000C03002B0BD0474B9B6803F00C03082B82
:101F80001CD1444B5B6803F48003002B16D1414BFA
:101F90001B6803F00203002B05D07B68DB68012B74
:101FA00001D00123C7E13B4B1B6823F0F8027B689B
:101FB0001B69DB00374913430B603AE07B68DB6841
:101FC000002B20D0344B01221A60FFF787FC3861C8
:101FD00008E0FFF783FC02463B69D31A022B01D9C4
:101FE0000323A8E12B4B1B6803F00203002BF0D066
:101FF000284B1B6823F0F8027B681B69DB0025492E
:1020000013430B6015E0244B00221A60FFF766FCB7
:10201000386108E0FFF762FC02463B69D31A022BE5
:1020200001D9032387E11B4B1B6803F00203002B3C
:10203000F0D17B681B6803F00803002B36D07B6867
:102040005B69002B16D0154B01221A60FFF746FC86
:10205000386108E0FFF742FC02463B69D31A022BC5
:1020600001D9032367E10B4B5B6F03F00203002BE5
:10207000F0D01BE0094B00221A60FFF72FFC3861FB
:102080000EE0FFF72BFC02463B69D31A022B07D95F
:10209000032350E10038024000004742800E4742CF
:1020A000884B5B6F03F00203002BEAD17B681B684F
:1020B00003F00403002B00F097800023FB75814B95
:1020C0001B6C03F08053002B0FD10023BB607D4BB2
:1020D0001B6C7C4A43F0805313647A4B1B6C03F0F7
:1020E0008053BB60BB680123FB75774B1B6803F40F
:1020F0008073002B18D1744B1B68734A43F48073B0
:102100001360FFF7EBFB386108E0FFF7E7FB0246DF
:102110003B69D31A022B01D903230CE16A4B1B68DC
:1021200003F48073002BF0D07B689B68012B06D1F1
:10213000644B1B6F634A43F0010313671CE07B6829
:102140009B68052B0CD15F4B1B6F5E4A43F0040369
:1021500013675C4B1B6F5B4A43F0010313670BE093
:10216000584B1B6F574A23F001031367554B1B6FE6
:10217000544A23F0040313677B689B68002B15D037
:10218000FFF7ACFB38610AE0FFF7A8FB02463B69AA
:10219000D31A41F28832934201D90323CBE0494B51
:1021A0001B6F03F00203002BEED014E0FFF796FB49
:1021B00038610AE0FFF792FB02463B69D31A41F20D
:1021C0008832934201D90323B5E03E4B1B6F03F0E5
:1021D0000203002BEED1FB7D012B05D1394B1B6C8B
:1021E000384A23F0805313647B689B69002B00F00E
:1021F000A180344B9B6803F00C03082B5CD07B68F8
:102200009B69022B41D1314B00221A60FFF766FB1C
:10221000386108E0FFF762FB02463B69D31A022BE4
:1022200001D9032387E0274B1B6803F00073002BC1
:10223000F0D17B68DA697B681B6A1A437B685B6A4A
:102240009B011A437B689B6A5B08013B1B041A4392
:102250007B68DB6A1B061B4913434B601B4B012247
:102260001A60FFF73BFB386108E0FFF737FB0246D7
:102270003B69D31A022B01D903235CE0114B1B6885
:1022800003F00073002BF0D054E0104B00221A60D2
:10229000FFF724FB386108E0FFF720FB02463B69AB
:1022A000D31A022B01D9032345E0064B1B6803F028
:1022B0000073002BF0D13DE07B689B69012B07D1B7
:1022C000012338E0003802400070004060004742BF
:1022D0001B4B5B68FB607B689B69012B28D0FB680C
:1022E00003F480027B68DB699A4221D1FB6803F02A
:1022F0003F027B681B6A9A421AD1FA6847F6C0739C
:1023000013407A68526A9201934211D1FB6803F438
:1023100040327B689B6A5B08013B1B049A4207D1F1
:10232000FB6803F070627B68DB6A1B069A4201D08F
:10233000012300E0002318461837BD4680BD00BFCA
:102340000038024080B584B000AF786039607B68A7
:10235000002B01D10123CCE0684B1B6803F007037D
:102360003A689A420CD9654B3A68D2B21A70634BFC
:102370001B6803F007033A689A4201D00123B8E0D2
:102380007B681B6803F00203002B20D07B681B686E
:1023900003F00403002B05D0594B9B68584A43F4C3
:1023A000E05393607B681B6803F00803002B05D0A3
:1023B000534B9B68524A43F460439360504B9B6875
:1023C00023F0F0027B689B684D4913438B607B6868
:1023D0001B6803F00103002B44D07B685B68012B72
:1023E00007D1474B1B6803F40033002B19D101239D
:1023F0007FE07B685B68022B03D07B685B68032B04
:1024000007D13F4B1B6803F00073002B09D1012358
:102410006FE03B4B1B6803F00203002B01D101234B
:1024200067E0374B9B6823F003027B685B683449A5
:1024300013438B60FFF752FAF8600AE0FFF74EFA99
:102440000246FB68D31A41F28832934201D9032332
:102450004FE02B4B9B6803F00C027B685B689B0092
:102460009A42EBD1254B1B6803F007033A689A4266
:102470000CD2224B3A68D2B21A70204B1B6803F080
:1024800007033A689A4201D0012332E07B681B6857
:1024900003F00403002B08D0194B9B6823F4E0528F
:1024A0007B68DB68164913438B607B681B6803F00D
:1024B0000803002B09D0124B9B6823F460427B6811
:1024C0001B69DB000E4913438B6000F021F80246C4
:1024D0000B4B9B681B0903F00F030A49CB5C22FAE4
:1024E00003F3094A1360094B1B681846FEF7D8FE30
:1024F000002318461037BD4680BD00BF003C024097
:1025000000380240E0A6000800000020040000207F
:102510002DE9B04F90B000AF00237B630023FB6335
:1025200000233B630023BB63594B9B6803F00C0300
:10253000082B0DD0082B00F2A180002B02D0042B19
:1025400003D09BE0534BBB639BE0534BBB6398E0D2
:102550004F4B5B6803F03F037B634D4B5B6803F4B9
:102560008003002B28D04A4B5B689B0900223B620A
:102570007A623B6AC3F308000021474B03FB01F278
:10258000002300FB03F31344434AA0FB0212FA6248
:102590000A46BA62FA6A1344FB627B6B0022BB6193
:1025A000FA61D7E90623D7E90A01FEF775FB02466F
:1025B0000B461346FB6353E0354B5B689B090022D7
:1025C0003B617A613B69C3F3080A4FF0000B524646
:1025D0005B464FF000004FF00001590141EAD26123
:1025E000500102460B46B2EB0A0863EB0B094FF0B1
:1025F00000024FF000034FEA891343EA98634FEA61
:102600008812B2EB080463EB09054FF000024FF0AB
:102610000003EB0043EA5473E20014461D4614EB3A
:102620000A033B6045EB0B037B604FF000024FF069
:102630000003D7E9004529468B02214643EA91531E
:1026400021468A02104619467B6B0022BB60FA6065
:10265000D7E90223FEF720FB02460B461346FB6335
:102660000B4B5B681B0C03F0030301335B003B6304
:10267000FA6B3B6BB2FBF3F3BB6302E0054BBB634E
:1026800000BFBB6B18464037BD46BDE8B08F00BFEA
:10269000003802400024F40040787D0180B400AF8F
:1026A000034B1B681846BD465DF8047B704700BFAE
:1026B0000000002080B500AFFFF7F0FF0246054B99
:1026C0009B689B0A03F007030349CB5C22FA03F3E0
:1026D000184680BD00380240F0A6000880B500AF63
:1026E000FFF7DCFF0246054B9B685B0B03F007031B
:1026F0000349CB5C22FA03F3184680BD0038024040
:10270000F0A6000880B483B000AF786039607B68C1
:102710000F221A60124B9B6803F003027B685A6019
:102720000F4B9B6803F0F0027B689A600C4B9B6830
:1027300003F4E0527B68DA60094B9B68DB0803F422
:10274000E0527B681A61074B1B6803F007023B6885
:102750001A6000BF0C37BD465DF8047B704700BFB0
:1027600000380240003C024080B582B000AF786083
:102770007B68002B01D1012341E07B6893F83D3059
:10278000DBB2002B06D17B68002283F83C207868FE
:1027900000F039F87B68022283F83D207B681A68D4
:1027A0007B6804331946104600F0B2F97B680122B9
:1027B00083F846207B68012283F83E207B68012253
:1027C00083F83F207B68012283F840207B68012248
:1027D00083F841207B68012283F842207B68012234
:1027E00083F843207B68012283F844207B68012220
:1027F00083F845207B68012283F83D20002318469A
:102800000837BD4680BD80B483B000AF786000BF9C
:102810000C37BD465DF8047B7047000080B485B07E
:1028200000AF78607B6893F83D30DBB2012B01D0BC
:10283000012344E07B68022283F83D207B681B680B
:10284000DA687B681B6842F00102DA607B681B680B
:102850001E4A934218D07B681B68B3F1804F13D097
:102860007B681B681A4A93420ED07B681B68194A22
:10287000934209D07B681B68174A934204D07B6857
:102880001B68164A934211D17B681B689B6803F052
:102890000703FB60FB68062B10D07B681B681A6877
:1028A0007B681B6842F001021A6007E07B681B68C6
:1028B0001A687B681B6842F001021A600023184600
:1028C0001437BD465DF8047B704700BF000001402F
:1028D0000004004000080040000C0040004001409F
:1028E00080B584B000AF78607B681B68DB68FB60F4
:1028F0007B681B681B69BB60BB6803F00203002B8D
:1029000020D0FB6803F00203002B1BD07B681B6800
:102910006FF002021A617B6801221A777B681B68DC
:102920009B6903F00303002B03D0786800F0D2F812
:1029300005E0786800F0C4F8786800F0D5F87B68A6
:1029400000221A77BB6803F00403002B20D0FB6839
:1029500003F00403002B1BD07B681B686FF004029C
:102960001A617B6802221A777B681B689B6903F4F3
:102970004073002B03D0786800F0ACF805E078686D
:1029800000F09EF8786800F0AFF87B6800221A77B4
:10299000BB6803F00803002B20D0FB6803F008039A
:1029A000002B1BD07B681B686FF008021A617B68E4
:1029B00004221A777B681B68DB6903F00303002B92
:1029C00003D0786800F086F805E0786800F078F8C1
:1029D000786800F089F87B6800221A77BB6803F0FA
:1029E0001003002B20D0FB6803F01003002B1BD03A
:1029F0007B681B686FF010021A617B6808221A77E7
:102A00007B681B68DB6903F44073002B03D0786894
:102A100000F060F805E0786800F052F8786800F09F
:102A200063F87B6800221A77BB6803F00103002B70
:102A30000CD0FB6803F00103002B07D07B681B68F8
:102A40006FF001021A617868FEF7E6FBBB6803F0DD
:102A50008003002B0CD0FB6803F08003002B07D011
:102A60007B681B686FF080021A61786800F0E6F8F6
:102A7000BB6803F04003002B0CD0FB6803F040035D
:102A8000002B07D07B681B686FF040021A617868E2
:102A900000F034F8BB6803F02003002B0CD0FB6877
:102AA00003F02003002B07D07B681B686FF0200227
:102AB0001A61786800F0B8F800BF1037BD4680BDD5
:102AC00080B483B000AF786000BF0C37BD465DF8BE
:102AD000047B704780B483B000AF786000BF0C37D0
:102AE000BD465DF8047B704780B483B000AF78606A
:102AF00000BF0C37BD465DF8047B704780B483B0DF
:102B000000AF786000BF0C37BD465DF8047B7047AE
:102B100080B485B000AF786039607B681B68FB606B
:102B20007B683A4A93420FD07B68B3F1804F0BD059
:102B30007B68374A934207D07B68364A934203D07A
:102B40007B68354A934208D1FB6823F07003FB6031
:102B50003B685B68FA681343FB607B682B4A9342CF
:102B60001BD07B68B3F1804F17D07B68284A934213
:102B700013D07B68274A93420FD07B68264A934242
:102B80000BD07B68254A934207D07B68244A934246
:102B900003D07B68234A934208D1FB6823F4407337
:102BA000FB603B68DB68FA681343FB60FB6823F05B
:102BB00080023B685B691343FB607B68FA681A60BC
:102BC0003B689A687B68DA623B681A687B689A623D
:102BD0007B680E4A934203D13B681A697B681A638B
:102BE0007B6801225A617B681B6903F00103012B9A
:102BF00005D17B681B6923F001027B681A6100BF65
:102C00001437BD465DF8047B704700BF00000140EB
:102C10000004004000080040000C0040004001405B
:102C2000004401400048014080B483B000AF7860A8
:102C300000BF0C37BD465DF8047B704780B483B09D
:102C400000AF786000BF0C37BD465DF8047B70476D
:102C500080B582B000AF78607B68002B01D1012382
:102C600042E07B6893F84130DBB2002B06D17B68F1
:102C7000002283F840207868FEF7B2FC7B682422AB
:102C800083F841207B681B68DA687B681B6822F444
:102C90000052DA60786800F02BF87B681B681A69CC
:102CA0007B681B6822F490421A617B681B685A6932
:102CB0007B681B6822F02A025A617B681B68DA680D
:102CC0007B681B6842F40052DA607B6800225A6419
:102CD0007B68202283F841207B68202283F84220F1
:102CE0007B6800225A63002318460837BD4680BD22
:102CF0002DE9B04FC0B000AFC7F8F400D7F8F430FA
:102D00001B681B6923F44050D7F8F430D968D7F812
:102D1000F4301A6840EA01031361D7F8F4309A6876
:102D2000D7F8F4301B691A43D7F8F4305B691A43BB
:102D3000D7F8F430DB691343C7F8F830D7F8F4302C
:102D40001B68DB6823F4164121F00C01D7F8F4303E
:102D50001A68D7F8F8300B43D360D7F8F4301B6803
:102D60005B6923F44070D7F8F4309969D7F8F430F0
:102D70001A6840EA01035361D7F8F4301A688F4BA0
:102D80009A4205D0D7F8F4301A688D4B9A4204D194
:102D9000FFF7A4FCC7F8FC0003E0FFF78BFCC7F8C3
:102DA000FC00D7F8F430DB69B3F5004F40F00C813C
:102DB000D7F8FC300022C7F8E830C7F8EC20D7E994
:102DC0003A4522462B469118B9655B41FB65D7E928
:102DD0001623214612EB0108294643EB01094FF067
:102DE00000024FF000034FEAC90343EA58734FEA69
:102DF000C80290469946234618EB0303C7F8E03013
:102E00002B4649EB0303C7F8E430D7F8F4305B688E
:102E10000022C7F8D830C7F8DC20D7E936120B46B5
:102E2000DB183B65134642EB03037B65D7E91423AC
:102E3000D7E93801FDF730FF02460B46614BA3FB93
:102E400002235B091C01D7F8FC300022C7F8D03000
:102E5000C7F8D420D7E9348942464B469118B96463
:102E60005B41FB64D7E91223414612EB010A494654
:102E700043EB010B4FF000024FF000034FEACB038E
:102E800043EA5A734FEACA0292469B4643461AEBFC
:102E90000303C7F8C8304B464BEB0303C7F8CC30ED
:102EA000D7F8F4305B680022C7F8C030C7F8C420F8
:102EB000D7E930120B46DB183B64134642EB0303A1
:102EC0007B64D7E91023D7E93201FDF7E5FE02461E
:102ED0000B4611463B4BA3FB01235B09642202FB1B
:102EE00003F3CB1ADB0003F13202364BA3FB0223C0
:102EF0005B095B0003F4F8731C44D7F8FC30002234
:102F0000C7F8B830C7F8BC20D7E92E8942464B46EF
:102F10009118B9635B41FB63D7E90E234146511811
:102F2000396349464B417B634FF000024FF0000389
:102F3000D7E90CAB5946CB00514643EA5173514691
:102F4000CA0010461946034642469B18C7F8B030DF
:102F50004B460A4642EB0303C7F8B430D7F8F430C7
:102F60005B680022C7F8A830C7F8AC20D7E92A125E
:102F70000B46DB18BB62134642EB0303FB62D7E947
:102F80000A23D7E92C01FDF787FE02460B460D4BBD
:102F9000A3FB02135B09642101FB03F3D31ADB00DB
:102FA0003233084AA2FB03235B0903F00702D7F878
:102FB000F4301B6822449A6006E100BF0010014013
:102FC000001401401F85EB51D7F8FC300022C7F8F0
:102FD000A030C7F8A420D7E9288942464B4691186B
:102FE00039625B417B62D7E9082341465418494660
:102FF00043EB01054FF000024FF00003EB0043EA02
:103000005473E20014461D464346E318C7F898304F
:103010004B4645EB0303C7F89C30D7F8F4305B68A8
:103020000022C7F89030C7F894204FF000024FF00C
:103030000003D7E9244529468B00214643EA9173D2
:1030400021468A00D7E92601FDF726FE02460B46F7
:10305000604BA3FB02235B091C01D7F8FC30002264
:10306000C7F88830C7F88C20D7E9228942464B46FA
:103070009118B9615B41FB61D7E9062341465118BC
:10308000396149464B417B614FF000024FF000032C
:10309000D7E904AB5946CB00514643EA5173514638
:1030A000CA0010461946034642469B18C7F88030AE
:1030B0004B460A4642EB0303C7F88430D7F8F43096
:1030C0005B680022BB67FA674FF000024FF0000315
:1030D000D7E91E8949468B00414643EA9173414630
:1030E0008A00D7E92001FDF7D7FD02460B461146BD
:1030F000384BA3FB01235B09642202FB03F3CB1AC9
:103100001B013233334AA2FB03235B0903F0F003B4
:103110001C44D7F8FC3000223B677A67D7E91C894A
:1031200042464B469118B9605B41FB60D7E90223E8
:1031300041465118396049464B417B604FF00002CF
:103140004FF00003D7E900AB5946CB00514643EAA4
:1031500051735146CA0010461946034642469B1811
:10316000BB664B460A4642EB0303FB66D7F8F430D6
:103170005B6800223B667A664FF000024FF0000366
:10318000D7E9188949468B00414643EA9173414685
:103190008A00D7E91A01FDF77FFD02460B460D4B69
:1031A000A3FB02135B09642101FB03F3D31A1B0188
:1031B0003233084AA2FB03235B0903F00F02D7F85E
:1031C000F4301B6822449A6000BF07F58077BD4643
:1031D000BDE8B08F1F85EB5180B483B000AF0346CC
:1031E0003960FB7197F90730002B0ADB3B68DAB2D4
:1031F0000C4997F907301201D2B20B4483F800232F
:103200000AE03B68DAB20849FB7903F00F03043B9C
:103210001201D2B20B441A7600BF0C37BD465DF8DE
:10322000047B704700E100E000ED00E080B500AFF6
:10323000054B1B6801F054FD0346012B01D002F041
:103240004BFB00BF80BD00BF10E000E080B500AFC9
:1032500000216FF00400FFF7BFFF00BF80BD00003A
:1032600080B483B000AFEFF305833B603B68002B75
:1032700003D06FF005037B600CE00A4B1B68002B4A
:1032800005D1084B01221A6000237B6002E04FF059
:10329000FF337B607B6818460C37BD465DF8047BC6
:1032A000704700BFA802002080B582B000AFEFF3E6
:1032B00005833B603B68002B03D06FF005037B6008
:1032C00010E00B4B1B68012B09D1FFF7BFFF084B28
:1032D00002221A6001F0B6F800237B6002E04FF092
:1032E000FF337B607B6818460837BD4680BD00BF52
:1032F000A802002080B58EB004AFF860B9607A6093
:1033000000233B61EFF305837B617B69002B7ED15A
:10331000FB68002B7BD080233B621823FB610023DA
:103320007B624FF0FF33BB617B68002B45D07B682D
:103330001B68002B02D07B681B687B627B689B69E3
:10334000002B02D07B689B69FB61FB69002B08D0D6
:10335000FB69382B05D87B685B6803F00103002B01
:1033600001D0002354E07B685B69002B03D07B68AD
:103370005B699B083B627B689B68002B0ED07B6877
:10338000DB685B2B0AD97B681B69002B06D07B6846
:103390005B69002B02D00123BB6110E07B689B6856
:1033A000002B0CD17B68DB68002B08D17B681B6984
:1033B000002B04D10023BB6101E00023BB61BB698A
:1033C000012B10D17B681B697A6892680292019385
:1033D000FB690093BB683A6A796AF86800F056FEA8
:1033E00003463B6113E0BB69002B10D13B6A9AB2E4
:1033F00007F110030193FB690093BB68796AF868D1
:1034000000F0A4FE0346012B01D000233B613B6981
:1034100018462837BD4680BD80B584B000AF7860BF
:10342000EFF30583BB60BB68002B03D06FF005038F
:10343000FB6007E00023FB607B68002B02D078680C
:1034400000F0CAFFFB6818461037BD4680BD00007B
:1034500080B485B000AFF860B9607A60FB68074A55
:103460001A60BB68064A1A607B6880221A6000BF37
:103470001437BD465DF8047B704700BFAC020020E6
:103480000803002080B485B000AFF860B9607A60AE
:10349000FB68074A1A60BB68064A1A607B684FF4EB
:1034A00080721A6000BF1437BD465DF8047B704718
:1034B000080500206405002080B483B000AF786068
:1034C0007B6803F108027B685A607B684FF0FF322B
:1034D0009A607B6803F108027B68DA607B6803F11D
:1034E00008027B681A617B6800221A6000BF0C37F3
:1034F000BD465DF8047B704780B483B000AF786050
:103500007B6800221A6100BF0C37BD465DF8047B62
:10351000704780B485B000AF786039607B685B68C5
:10352000FB603B68FA685A60FB689A683B689A607F
:10353000FB689B683A685A60FB683A689A603B6827
:103540007A681A617B681B685A1C7B681A6000BF26
:103550001437BD465DF8047B704780B485B000AF7A
:10356000786039603B681B68BB60BB68B3F1FF3FA4
:1035700003D17B681B69FB600CE07B680833FB6050
:1035800002E0FB685B68FB60FB685B681B68BA680D
:103590009A42F6D2FB685A683B685A603B685B689F
:1035A0003A689A603B68FA689A60FB683A685A60C1
:1035B0003B687A681A617B681B685A1C7B681A60D2
:1035C00000BF1437BD465DF8047B704780B485B0FA
:1035D00000AF78607B681B69FB607B685B687A681A
:1035E00092689A607B689B687A6852685A60FB6848
:1035F0005B687A689A4203D17B689A68FB685A6074
:103600007B6800221A61FB681B685A1EFB681A60FF
:10361000FB681B6818461437BD465DF8047B70478D
:1036200080B584B000AF786039607B68FB60FB6870
:10363000002B0BD14FF0500383F31188BFF36F8F32
:10364000BFF34F8FBB6000BF00BFFDE702F0B4F8CF
:10365000FB681A68FB68DB6BF968096C01FB03F314
:103660001A44FB689A60FB6800229A63FB681A6838
:10367000FB685A60FB681A68FB68DB6B013BF96802
:10368000096C01FB03F31A44FB68DA60FB68FF2254
:1036900083F84420FB68FF2283F845203B68002B19
:1036A00014D1FB681B69002B1AD0FB681033184635
:1036B00001F056F90346002B12D00D4B4FF080520B
:1036C0001A60BFF34F8FBFF36F8F09E0FB681033B1
:1036D0001846FFF7F1FEFB6824331846FFF7ECFEAF
:1036E00002F09CF8012318461037BD4680BD00BF8C
:1036F00004ED00E080B58EB002AFF860B9607A608A
:103700003B60FB68002B0BD14FF0500383F3118813
:10371000BFF36F8FBFF34F8FBB6200BF00BFFDE7EA
:103720003B68002B0BD14FF0500383F31188BFF39C
:103730006F8FBFF34F8F7B6200BF00BFFDE77B68D9
:10374000002B02D0BB68002B01D0012300E0002336
:10375000002B0BD14FF0500383F31188BFF36F8F11
:10376000BFF34F8F3B6200BF00BFFDE77B68002BBC
:1037700002D1BB68002B01D1012300E00023002B04
:103780000BD14FF0500383F31188BFF36F8FBFF35A
:103790004F8FFB6100BF00BFFDE750237B617B695A
:1037A000502B0BD04FF0500383F31188BFF36F8F72
:1037B000BFF34F8FBB6100BF00BFFDE77B693B6874
:1037C000FB62FB6A002B0DD0FB6A012283F84620C6
:1037D00097F83820FB6A009313467A68B968F8684E
:1037E00000F040F8FB6A18463037BD4680BD80B512
:1037F0008AB002AFF860B9601346FB71FB68002B1A
:103800000BD14FF0500383F31188BFF36F8FBFF3D9
:103810004F8F3B6100BF00BFFDE7FB68BA6802FB4A
:1038200003F3FB61FB695033184602F0E7F8B86117
:10383000BB69002B11D0BB697B617B6950337B6115
:10384000BB69002283F84620FA79BB6900931346CE
:103850007A69B968F86800F005F8BB69184620373E
:10386000BD4680BD80B584B000AFF860B9607A60B5
:10387000FB70BB68002B03D1BB69BA691A6002E018
:10388000BB697A681A60BB69FA68DA63BB69BA68AF
:103890001A640121B869FFF7C3FEBB69FA7883F89F
:1038A0004C2000BF1037BD4680BD000080B58EB0F3
:1038B00000AFF860B9607A603B6000237B63FB680F
:1038C0003B633B6B002B0BD14FF0500383F311880C
:1038D000BFF36F8FBFF34F8FBB6200BF00BFFDE729
:1038E000BB68002B03D13B6B1B6C002B01D1012368
:1038F00000E00023002B0BD14FF0500383F311881D
:10390000BFF36F8FBFF34F8F7B6200BF00BFFDE738
:103910003B68022B03D13B6BDB6B012B01D10123F5
:1039200000E00023002B0BD14FF0500383F31188EC
:10393000BFF36F8FBFF34F8F3B6200BF00BFFDE748
:1039400001F0CEF90346002B02D17B68002B01D198
:10395000012300E00023002B0BD14FF0500383F331
:103960001188BFF36F8FBFF34F8FFB6100BF00BFA4
:10397000FDE701F021FF3B6B9A6B3B6BDB6B9A42DF
:1039800002D33B68022B29D13A68B968386B00F042
:103990000FFAF8623B6B5B6A002B10D03B6B243351
:1039A000184600F0DDFF0346002B13D03F4B4FF0CD
:1039B00080521A60BFF34F8FBFF36F8F0AE0FB6A2C
:1039C000002B07D0394B4FF080521A60BFF34F8F56
:1039D000BFF36F8F01F022FF012363E07B68002BB0
:1039E00003D101F01BFF00235CE07B6B002B06D1B1
:1039F00007F11403184601F017F801237B6301F067
:103A00000DFF00F087FD01F0D7FE3B6B93F84430CB
:103A10005BB2B3F1FF3F03D13B6B002283F844203C
:103A20003B6B93F845305BB2B3F1FF3F03D13B6B87
:103A3000002283F8452001F0F1FE3A1D07F114033E
:103A40001146184601F006F80346002B24D1386BC6
:103A500000F0A6FA0346002B18D03B6B10337A68AF
:103A60001146184600F02AFF386B00F031FA00F0DA
:103A70005FFD0346002B7FF47CAF0C4B4FF0805270
:103A80001A60BFF34F8FBFF36F8F72E7386B00F090
:103A90001FFA00F04DFD6CE7386B00F019FA00F0EA
:103AA00047FD002318463837BD4680BD04ED00E0D1
:103AB00080B590B000AFF860B9607A603B60FB6899
:103AC000BB63BB6B002B0BD14FF0500383F311880A
:103AD000BFF36F8FBFF34F8FBB6200BF00BFFDE727
:103AE000BB68002B03D1BB6B1B6C002B01D10123E6
:103AF00000E00023002B0BD14FF0500383F311881B
:103B0000BFF36F8FBFF34F8F7B6200BF00BFFDE736
:103B10003B68022B03D1BB6BDB6B012B01D1012373
:103B200000E00023002B0BD14FF0500383F31188EA
:103B3000BFF36F8FBFF34F8F3B6200BF00BFFDE746
:103B400001F01AFFEFF311824FF0500383F3118855
:103B5000BFF36F8FBFF34F8FFA61BB61FB697B636C
:103B6000BB6B9A6BBB6BDB6B9A4202D33B68022B3D
:103B70002FD1BB6B93F8453087F83330BB6B9B6B11
:103B8000FB623A68B968B86B00F012F997F9333004
:103B9000B3F1FF3F12D1BB6B5B6A002B16D0BB6B3E
:103BA0002433184600F0DCFE0346002B0ED07B6861
:103BB000002B0BD07B6801221A6007E097F83330A6
:103BC0000133DBB25AB2BB6B83F845200123FB63A0
:103BD00001E00023FB637B6B7B617B6983F31188CE
:103BE00000BFFB6B18464037BD4680BD80B58CB02A
:103BF00000AFF860B9607A600023FB62FB68BB62CB
:103C0000BB6A002B0BD14FF0500383F31188BFF335
:103C10006F8FBFF34F8F3B6200BF00BFFDE7BB68F4
:103C2000002B03D1BB6A1B6C002B01D1012300E0E8
:103C30000023002B0BD14FF0500383F31188BFF307
:103C40006F8FBFF34F8FFB6100BF00BFFDE701F037
:103C500047F80346002B02D17B68002B01D10123DA
:103C600000E00023002B0BD14FF0500383F31188A9
:103C7000BFF36F8FBFF34F8FBB6100BF00BFFDE786
:103C800001F09AFDBB6A9B6B7B627B6A002B1FD0A5
:103C9000B968B86A00F0F6F87B6A5A1EBB6A9A6384
:103CA000BB6A1B69002B0FD0BB6A1033184600F0AB
:103CB00057FE0346002B07D03C4B4FF080521A6052
:103CC000BFF34F8FBFF36F8F01F0A8FD012369E0B1
:103CD0007B68002B03D101F0A1FD002362E0FB6AA9
:103CE000002B06D107F11003184600F09DFE0123BA
:103CF000FB6201F093FD00F00DFC01F05DFDBB6A7D
:103D000093F844305BB2B3F1FF3F03D1BB6A0022AA
:103D100083F84420BB6A93F845305BB2B3F1FF3FB0
:103D200003D1BB6A002283F8452001F077FD3A1DDC
:103D300007F110031146184600F08CFE0346002BD5
:103D400023D1B86A00F016F90346002B17D0BB6ADE
:103D500024337A681146184600F0B0FDB86A00F0C6
:103D6000B7F800F0E5FB0346002B89D10F4B4FF06D
:103D700080521A60BFF34F8FBFF36F8F80E7B86A2E
:103D800000F0A6F800F0D4FB7AE7B86A00F0A0F8DB
:103D900000F0CEFBB86A00F0EDF80346002B3FF4CC
:103DA0006FAF002318463037BD4680BD04ED00E0FC
:103DB00080B586B000AFF860B9607A6000237B619F
:103DC000FB689B6B3B61FB681B6C002B0DD1FB6898
:103DD0001B68002B4DD1FB689B68184600F09EFFC6
:103DE0007861FB6800229A6043E07B68002B19D160
:103DF000FB685868FB681B6C1A46B96803F001F948
:103E0000FB685A68FB681B6C1A44FB685A60FB68C5
:103E10005A68FB689B689A422BD3FB681A68FB6858
:103E20005A6026E0FB68D868FB681B6C1A46B968C4
:103E300003F0E7F8FB68DA68FB681B6C5B421A4426
:103E4000FB68DA60FB68DA68FB681B689A4207D295
:103E5000FB689A68FB681B6C5B421A44FB68DA607B
:103E60007B68022B05D13B69002B02D03B69013BEB
:103E70003B613B695A1CFB689A637B69184618379B
:103E8000BD4680BD80B582B000AF786039607B6888
:103E90001B6C002B18D07B68DA687B681B6C1A449B
:103EA0007B68DA607B68DA687B689B689A4203D338
:103EB0007B681A687B68DA607B68D9687B681B6CF2
:103EC0001A46386803F09DF800BF0837BD4680BD2C
:103ED00080B584B000AF786001F06EFC7B6893F829
:103EE0004530FB7311E07B685B6A002B12D07B6866
:103EF0002433184600F034FD0346002B01D000F0B7
:103F00000DFEFB7B013BDBB2FB7397F90F30002BFF
:103F1000E9DC00E000BF7B68FF2283F8452001F068
:103F20007DFC01F049FC7B6893F84430BB7311E0E1
:103F30007B681B69002B12D07B681033184600F099
:103F40000FFD0346002B01D000F0E8FDBB7B013BD9
:103F5000DBB2BB7397F90E30002BE9DC00E000BF49
:103F60007B68FF2283F8442001F058FC00BF103723
:103F7000BD4680BD80B584B000AF786001F01CFC08
:103F80007B689B6B002B02D10123FB6001E00023C7
:103F9000FB6001F043FCFB6818461037BD4680BD4E
:103FA00080B584B000AF786001F006FC7B689A6B46
:103FB0007B68DB6B9A4202D10123FB6001E00023A6
:103FC000FB6001F02BFCFB6818461037BD4680BD36
:103FD00080B485B000AF786039600023FB6014E0E6
:103FE0000F4AFB6852F83330002B0BD10C49FB68A9
:103FF0003A6841F833200A4AFB68DB0013447A68C8
:104000005A6006E0FB680133FB60FB68072BE7D9C9
:1040100000BF00BF1437BD465DF8047B704700BF8A
:104020006409002080B586B000AFF860B9607A609E
:10403000FB687B6101F0C0FB7B6993F844305BB2A5
:10404000B3F1FF3F03D17B69002283F844207B69F1
:1040500093F845305BB2B3F1FF3F03D17B69002297
:1040600083F8452001F0DAFB7B699B6B002B06D1BE
:104070007B6924337A68B968184600F045FC786992
:10408000FFF726FF00BF1837BD4680BD80B58EB054
:1040900004AFF860B9607A603B607B6B002B0BD19A
:1040A0004FF0500383F31188BFF36F8FBFF34F8F2F
:1040B0003B6200BF00BFFDE7BB6B002B0BD14FF095
:1040C000500383F31188BFF36F8FBFF34F8FFB61F2
:1040D00000BF00BFFDE75C233B613B695C2B0BD05D
:1040E0004FF0500383F31188BFF36F8FBFF34F8FEF
:1040F000BB6100BF00BFFDE73B69BB6B002B1ED05F
:104100007B6B002B1BD0BB6B7B627B6A7A6B1A6369
:104110007B6A022283F85920002303937B6A02936F
:1041200007F1140301933B6B00933B687A68B9680D
:10413000F86800F050F8786A00F0DEF801E000233B
:104140007B617B6918462837BD4680BD80B58CB041
:1041500004AFF860B9603B601346FB80FB889B00AE
:10416000184601F04BFC78617B69002B0ED05C2077
:1041700001F044FCF861FB69002B03D0FB697A690C
:104180001A6305E0786901F007FD01E00023FB6197
:10419000FB69002B17D0FB69002283F85920FA88AD
:1041A00000230393FB690293FB6A0193BB6A0093AC
:1041B0003B68B968F86800F00EF8F86900F09CF800
:1041C0000123BB6102E04FF0FF33BB61BB691846BE
:1041D0002037BD4680BD80B588B000AFF860B960BB
:1041E0007A603B603B6B186B7B689B001A46A5218D
:1041F00002F088FE3B6B1A6B7B6803F18043013B46
:104200009B001344BB61BB6923F00703BB61BB691F
:1042100003F00703002B0BD04FF0500383F31188FA
:10422000BFF36F8FBFF34F8F7B6100BF00BFFDE710
:10423000BB68002B1FD00023FB6112E0BA68FB694A
:10424000134419783A6BFB69134434330A461A70E5
:10425000BA68FB6913441B78002B06D0FB69013355
:10426000FB61FB690F2BE9D900E000BF3B6B00222B
:1042700083F8432003E03B6B002283F83420BB6AC1
:10428000372B01D93723BB623B6BBA6ADA623B6BCF
:10429000BA6ADA643B6B00221A653B6B043318463A
:1042A000FFF72AF93B6B18331846FFF725F93B6BEC
:1042B0003A6B1A61BB6AC3F138023B6B9A613B6B84
:1042C0003A6B5A623B6B00225A653B6B002283F8C3
:1042D00058203A68F968B86901F03EF902463B6B2C
:1042E0001A60FB6A002B02D0FB6A3A6B1A6000BFAF
:1042F0002037BD4680BD000080B582B000AF786039
:1043000001F05AFA2D4B1B6801332C4A13602C4BD9
:104310001B68002B09D12A4A7B681360274B1B6856
:10432000012B10D100F01EFC0DE0264B1B68002B6A
:1043300009D1234B1B68DA6A7B68DB6A9A4202D890
:104340001F4A7B681360204B1B6801331E4A1360B1
:104350001D4B1A687B685A647B68DA6A1B4B1B68C2
:104360009A4203D97B68DB6A184A13607B68DA6A71
:1043700013469B0013449B00154A1A447B68043380
:1043800019461046FFF7C5F801F048FA0D4B1B68B7
:10439000002B0ED00A4B1B68DA6A7B68DB6A9A42F4
:1043A00007D20C4B4FF080521A60BFF34F8FBFF310
:1043B0006F8F00BF0837BD4680BD00BF780E00205C
:1043C000A4090020840E0020940E0020800E0020FE
:1043D000A809002004ED00E080B584B000AF78604B
:1043E0000023FB607B68002B18D0144B1B68002B4C
:1043F0000BD04FF0500383F31188BFF36F8FBFF3DF
:104400004F8FBB6000BF00BFFDE700F083F80021C5
:10441000786800F0F3FC00F08BF8F860FB68002B84
:1044200007D1074B4FF080521A60BFF34F8FBFF395
:104430006F8F00BF1037BD4680BD00BFA00E0020AB
:1044400004ED00E080B58AB004AF0023BB60002318
:104450007B603A46391D07F108031846FEF7F8FF5E
:1044600039687B68BA6802920193002300930023A5
:104470000A4622492248FFF709FE0346214A1360F3
:10448000204B1B68002B02D001237B6101E000233D
:104490007B617B69012B02D100F004FD78617B69AF
:1044A000012B16D14FF0500383F31188BFF36F8FA8
:1044B000BFF34F8F3B6100BF134B4FF0FF321A60C9
:1044C000124B01221A60124B00221A6001F0D0F840
:1044D0000FE07B69B3F1FF3F0BD14FF0500383F343
:1044E0001188BFF36F8FBFF34F8FFB6000BF00BF1A
:1044F000FDE700BF1837BD4680BD00BFA4A6000879
:10450000354B00089C0E0020980E0020840E0020E1
:104510007C0E002080B400AF044B1B680133034ABB
:10452000136000BFBD465DF8047B7047A00E0020FD
:1045300080B584B000AF0023FB600023BB60424B1A
:104540001B68002B0BD14FF0500383F31188BFF38E
:104550006F8FBFF34F8F3B6000BF00BFFDE701F0DF
:104560002BF9394B1B68013B374A1360364B1B68EC
:10457000002B62D1354B1B68002B5ED02FE0344BF3
:10458000DB68DB68FB60FB6818331846FFF71EF832
:10459000FB6804331846FFF719F8FB68DA6A2D4BFD
:1045A0001B689A4203D9FB68DB6A2A4A1360FB68DE
:1045B000DA6A13469B0013449B00274A1A44FB689F
:1045C000043319461046FEF7A4FFFB68DA6A234B52
:1045D0001B68DB6A9A4202D3214B01221A601C4BF2
:1045E0001B68002BCBD1FB68002B01D000F058FBDF
:1045F0001C4B1B687B607B68002B10D000F046F8DA
:104600000346002B02D0164B01221A607B68013B47
:104610007B607B68002BF1D1124B00221A60104B9B
:104620001B68002B09D00123BB600F4B4FF0805259
:104630001A60BFF34F8FBFF36F8F01F0EFF8BB68C5
:1046400018461037BD4680BDA00E0020780E002011
:10465000380E0020800E0020A8090020A4090020A8
:104660008C0E0020880E002004ED00E080B483B0A2
:1046700000AF054B1B687B607B6818460C37BD4656
:104680005DF8047B704700BF7C0E002080B586B0CB
:1046900000AF00237B614F4B1B68002B40F09080E4
:1046A0004D4B1B6801333B614B4A3B6913603B69CF
:1046B000002B21D1494B1B681B68002B0BD04FF0FE
:1046C000500383F31188BFF36F8FBFF34F8F3B60AD
:1046D00000BF00BFFDE7414B1B68FB60404B1B6800
:1046E0003E4A13603E4AFB6813603E4B1B68013331
:1046F0003C4A136000F0D4FA3B4B1B683A699A427B
:1047000049D3364B1B681B68002B04D1364B4FF046
:10471000FF321A603FE0314B1B68DB68DB68BB602F
:10472000BB685B687B603A697B689A4203D22E4A19
:104730007B6813602FE0BB6804331846FEF746FF22
:10474000BB689B6A002B04D0BB6818331846FEF781
:104750003DFFBB68DA6A254B1B689A4203D9BB68E8
:10476000DB6A224A1360BB68DA6A13469B00134473
:104770009B001F4A1A44BB68043319461046FEF7D3
:10478000C8FEBB68DA6A1B4B1B68DB6A9A42B8D367
:1047900001237B61B5E7174B1B68DA6A144913469E
:1047A0009B0013449B000B441B68012B01D9012380
:1047B0007B61114B1B68002B07D001237B6104E058
:1047C0000E4B1B6801330D4A13607B69184618377E
:1047D000BD4680BDA00E00207C0E0020300E0020C3
:1047E000340E0020900E0020980E0020800E002035
:1047F000A8090020A40900208C0E0020880E0020AB
:1048000080B485B000AF284B1B68002B03D0274B2A
:1048100001221A6042E0254B00221A60244B1B68DB
:10482000FB6011E0FB68002B0BD14FF0500383F3CA
:104830001188BFF36F8FBFF34F8F7B6000BF00BF46
:10484000FDE7FB68013BFB601A49FA6813469B00D1
:1048500013449B000B441B68002BE3D0FA681346FB
:104860009B0013449B00134A1344BB60BB685B6806
:104870005A68BB685A60BB685A68BB6808339A427A
:1048800004D1BB685B685A68BB685A60BB685B68E8
:10489000DB68094A1360064AFB68136000BF1437DF
:1048A000BD465DF8047B7047A00E00208C0E0020F2
:1048B000800E0020A8090020A409002080B584B043
:1048C00000AF786039607B68002B0BD14FF050034C
:1048D00083F31188BFF36F8FBFF34F8FFB6000BF6F
:1048E00000BFFDE7074B1B68183319467868FEF7D1
:1048F00034FE0121386800F081FA00BF1037BD4650
:1049000080BD00BFA409002080B586B000AFF8606C
:10491000B9607A60FB68002B0BD14FF0500383F332
:104920001188BFF36F8FBFF34F8F7B6100BF00BF54
:10493000FDE70A4B1B6818331946F868FEF7E9FDD6
:104940007B68002B02D04FF0FF33BB607968B868FA
:1049500000F054FA00BF1837BD4680BDA4090020FE
:1049600080B586B000AF78607B68DB68DB683B6150
:104970003B69002B0BD14FF0500383F31188BFF339
:104980006F8FBFF34F8FFB6000BF00BFFDE73B6938
:1049900018331846FEF71AFE1D4B1B68002B1DD15D
:1049A0003B6904331846FEF711FE3B69DA6A194B7E
:1049B0001B689A4203D93B69DB6A164A13603B695C
:1049C000DA6A13469B0013449B00134A1A443B695E
:1049D000043319461046FEF79CFD05E03B69183389
:1049E00019460E48FEF795FD3B69DA6A0C4B1B68C9
:1049F000DB6A9A4205D901237B610A4B01221A60C6
:104A000001E000237B617B6918461837BD4680BDF5
:104A1000A00E0020800E0020A8090020380E0020E3
:104A2000A40900208C0E002080B483B000AF786011
:104A3000064B1A687B681A60054B1A687B685A60D7
:104A400000BF0C37BD465DF8047B7047900E002018
:104A50007C0E002080B588B000AF786039607B683C
:104A6000002B0BD14FF0500383F31188BFF36F8FEE
:104A7000BFF34F8F3B6100BF00BFFDE73B68002BDA
:104A80000BD14FF0500383F31188BFF36F8FBFF347
:104A90004F8FFB6000BF00BFFDE700F08DFE1D4B98
:104AA0001B68BB617B685B68BA69D31A7B613B6832
:104AB0001B68B3F1FF3F02D10023FB6123E07B6859
:104AC0001A68154B1B689A4207D07B685B68BA6905
:104AD0009A4202D30123FB6115E03B681B687A69A7
:104AE0009A420BD23B681A687B69D21A3B681A60FB
:104AF0007868FFF799FF0023FB6104E03B68002220
:104B00001A600123FB6100F089FEFB69184620371B
:104B1000BD4680BD7C0E0020900E002080B400AF0A
:104B2000034B01221A6000BFBD465DF8047B70474D
:104B30008C0E002080B582B000AF786000F052F893
:104B4000064B1B68012BF9D9054B4FF080521A60B8
:104B5000BFF34F8FBFF36F8FF0E700BFA8090020AE
:104B600004ED00E080B582B000AF00237B600CE074
:104B70007A6813469B0013449B00124A134418465C
:104B8000FEF79AFC7B6801337B607B68372BEFD99B
:104B90000D48FEF791FC0D48FEF78EFC0C48FEF721
:104BA0008BFC0C48FEF788FC0B48FEF785FC0B4B92
:104BB000054A1A600A4B054A1A6000BF0837BD460D
:104BC00080BD00BFA8090020080E00201C0E002098
:104BD000380E00204C0E0020640E0020300E002005
:104BE000340E002080B582B000AF19E000F0E4FD83
:104BF000104BDB68DB687B607B6804331846FEF78C
:104C0000E5FC0D4B1B68013B0B4A13600B4B1B680B
:104C1000013B0A4A136000F001FE786800F010F8CA
:104C2000064B1B68002BE1D100BF00BF0837BD4613
:104C300080BD00BF4C0E0020780E0020600E0020CA
:104C400080B584B000AF78607B6893F85930002B52
:104C500008D17B681B6B184600F09EFF786800F057
:104C60009BFF19E07B6893F85930012B03D17868DA
:104C700000F092FF10E07B6893F85930022B0BD0C4
:104C80004FF0500383F31188BFF36F8FBFF34F8F43
:104C9000FB6000BF00BFFDE700BF1037BD4680BD11
:104CA00080B483B000AF0C4B1B681B68002B04D191
:104CB0000A4B4FF0FF321A6008E0074B1B68DB68B5
:104CC000DB687B607B685B68044A136000BF0C375D
:104CD000BD465DF8047B7047300E0020980E002022
:104CE00080B483B000AF0B4B1B68002B02D10123B3
:104CF0007B6008E0084B1B68002B02D102237B601D
:104D000001E000237B607B6818460C37BD465DF8E8
:104D1000047B7047840E0020A00E002080B586B072
:104D200000AF78607B683B6100237B617B68002B70
:104D300058D02F4B1B683A699A420BD04FF0500362
:104D400083F31188BFF36F8FBFF34F8FFB6000BFFA
:104D500000BFFDE73B691B6D002B0BD14FF05003EB
:104D600083F31188BFF36F8FBFF34F8FBB6000BF1A
:104D700000BFFDE73B691B6D5A1E3B691A653B6925
:104D8000DA6A3B69DB6C9A422CD03B691B6D002BC5
:104D900028D13B6904331846FEF718FC3B69DA6CEE
:104DA0003B69DA623B69DB6AC3F138023B699A61AD
:104DB0003B69DA6A0F4B1B689A4203D93B69DB6A8D
:104DC0000C4A13603B69DA6A13469B0013449B004C
:104DD000094A1A443B69043319461046FEF799FB09
:104DE00001237B617B6918461837BD4680BD00BF33
:104DF000A4090020800E0020A809002080B584B0FE
:104E000000AF78603960214B1B68FB60204B1B684A
:104E100004331846FEF7DAFB7B68B3F1FF3F0AD193
:104E20003B68002B07D01A4B1B68043319461948FE
:104E3000FEF76FFB26E0FA687B681344BB60144BF7
:104E40001B68BA685A60BA68FB689A4209D2124B6A
:104E50001A680F4B1B68043319461046FEF77DFB9A
:104E600010E00E4B1A680A4B1B68043319461046B3
:104E7000FEF773FB0A4B1B68BA689A4202D2084AD3
:104E8000BB68136000BF1037BD4680BD7C0E00209C
:104E9000A4090020640E0020340E0020300E0020F3
:104EA000980E002080B58AB004AF00237B6100F02B
:104EB00013FB1D4B1B68002B21D00023FB6000233C
:104EC000BB603A1D07F1080107F10C031846FEF715
:104ED000D9FA7968BB68FA680292019302230093B9
:104EE00000230A4611491248FFF7D0F80346114A39
:104EF0001360104B1B68002B01D001237B617B6981
:104F0000002B0BD14FF0500383F31188BFF36F8F49
:104F1000BFF34F8F3B6100BF00BFFDE77B691846C1
:104F20001837BD4680BD00BFD40E0020ACA60008D7
:104F300071500008D80E002080B58AB000AFF8602C
:104F4000B9607A603B6000237B62FB68002B0BD169
:104F50004FF0500383F31188BFF36F8FBFF34F8F70
:104F60003B6200BF00BFFDE7194B1B68002B2AD036
:104F7000BB683B617B687B61FB68BB61BB68052BE1
:104F800018DCFFF7ADFE0346022B09D1104B186861
:104F900007F1100100233A6BFEF788FC786212E0FB
:104FA0000B4B186807F1100100230022FEF77EFC6E
:104FB000786208E0064B186807F1100100233A6890
:104FC000FEF776FD78627B6A18462837BD4680BDBD
:104FD000D40E002080B588B002AF78603960234BD2
:104FE0001B68DB68DB687B617B6904331846FEF76E
:104FF000EDFA7B6993F8283003F00403002B23D0EB
:105000007B699A697B68D1187B683A68786900F097
:10501000D5F80346002B20D00023009300237A68A4
:1050200000217869FFF788FF38613B69002B14D1B4
:105030004FF0500383F31188BFF36F8FBFF34F8F8F
:10504000FB6000BF00BFFDE77B6993F8283023F0C9
:105050000103DAB27B6983F828207B691B6A7869CF
:10506000984700BF1837BD4680BD00BFCC0E00205A
:1050700080B584B000AF786007F10803184600F0EF
:1050800059F8F860BB681946F86800F005F800F0B8
:10509000D7F800BFF0E7000080B584B000AF7860BB
:1050A0003960FFF737FA07F10803184600F066F891
:1050B000F860BB68002B30D13B68002B0AD17A68BE
:1050C000FB689A4206D8FFF733FAF9687868FFF769
:1050D00081FF24E03B68002B08D0134B1B681B6842
:1050E000002B01D1012300E000233B600F4B186827
:1050F0007A68FB68D31A3A681946FEF793FFFFF700
:1051000017FA0346002B0AD1094B4FF080521A6060
:10511000BFF34F8FBFF36F8F01E0FFF709FA00BFB6
:105120001037BD4680BD00BFD00E0020D40E002039
:1051300004ED00E080B485B000AF78600E4B1B68D2
:105140001B68002B01D1012200E000227B681A605D
:105150007B681B68002B05D1074B1B68DB681B684D
:10516000FB6001E00023FB60FB6818461437BD4676
:105170005DF8047B704700BFCC0E002080B584B082
:1051800000AF7860FFF772FAF8600B4B1B68FA68A3
:105190009A4205D200F03AF97B6801221A6002E0D7
:1051A0007B6800221A60044AFB681360FB6818469B
:1051B0001037BD4680BD00BFDC0E002080B586B034
:1051C00000AFF860B9607A603B6000237B61FB68E8
:1051D000BA685A60FB68FA681A61BA687B689A42D2
:1051E00012D87A683B68D21AFB689B699A4202D34C
:1051F00001237B611BE0104B1A68FB6804331946DE
:105200001046FEF7AAF912E07A683B689A4206D285
:10521000BA683B689A4202D301237B6107E0074BDF
:105220001A68FB68043319461046FEF796F97B6945
:1052300018461837BD4680BDD00E0020CC0E002089
:1052400080B58EB002AFCEE07B68002B19DA3B1D33
:105250000433FB62FB6A002B0BD14FF0500383F346
:105260001188BFF36F8FBFF34F8FFB6100BF00BF8B
:10527000FDE7FB6A1B68FA6A5068FA6A9268114691
:1052800098477B68002BC0F2AE80FB68BB62BB6AAC
:105290005B69002B04D0BB6A04331846FEF796F90D
:1052A0003B461846FFF76AFF78627B68092B00F2DD
:1052B000978001A252F823F0E1520008E152000861
:1052C000E1520008575300086B530008B753000819
:1052D000E1520008E1520008575300086B530008E0
:1052E000BB6A93F8283043F00103DAB2BB6A83F853
:1052F0002820BA68BB6A9B69D118BB687A6AB86A09
:10530000FFF75CFF0346002B6CD0BB6A1B6AB86AD0
:105310009847BB6A93F8283003F00403002B61D050
:10532000BA68BB6A9B691A440023009300230021DA
:10533000B86AFFF701FE38623B6A002B52D14FF08A
:10534000500383F31188BFF36F8FBFF34F8FBB619F
:1053500000BF00BFFDE7BB6A93F8283023F00103CC
:10536000DAB2BB6A83F828203DE0BB6A93F82830A4
:1053700043F00103DAB2BB6A83F82820BA68BB6A3B
:105380009A61BB6A9B69002B0BD14FF0500383F3EA
:105390001188BFF36F8FBFF34F8F7B6100BF00BFDA
:1053A000FDE7BB6A9A697B6AD1187B6A7A6AB86A38
:1053B000FFF704FF17E0BB6A93F8283003F00203FD
:1053C000002B03D1B86A00F0E7FB0CE0BB6A93F84E
:1053D000283023F00103DAB2BB6A83F8282002E008
:1053E00000BF00E000BF084B1B68391D00221846B3
:1053F000FEF7FCFB0346002B7FF426AF00BF00BF87
:105400003037BD4680BD00BFD40E002080B588B0C7
:1054100002AF49E02E4B1B68DB681B683B612C4BDD
:105420001B68DB68DB68FB60FB6804331846FEF72B
:10543000CDF8FB681B6AF8689847FB6893F828303A
:1054400003F00403002B2FD0FB689B693A691344D7
:10545000BB60BA683B699A420ED9FB68BA685A6069
:10546000FB68FA681A611A4B1A68FB68043319461C
:105470001046FEF772F817E00023009300233A6904
:105480000021F868FFF758FD78607B68002B0BD18E
:105490004FF0500383F31188BFF36F8FBFF34F8F2B
:1054A0003B6000BF00BFFDE7094B1B681B68002B7A
:1054B000B0D1074B1B687B61064B1B68044A136025
:1054C000044A7B69136000BF1837BD4680BD00BF2A
:1054D000CC0E0020D00E002080B582B002AF00F0CC
:1054E0006BF9154B1B68002B20D11448FDF7E4FF26
:1054F0001348FDF7E1FF134B104A1A60124B104A94
:105500001A6000230093114B114A10210A20FEF764
:10551000F1F80346084A1360074B1B68002B05D0BF
:10552000054B1B680B491846FEF752FD00F076F953
:1055300000BFBD4680BD00BFD40E0020A40E0020D9
:10554000B80E0020CC0E0020D00E0020800F0020CE
:10555000E00E0020B4A6000880B485B000AFF8606B
:10556000B9607A60FB68043BFB60FB684FF08072B7
:105570001A60FB68043BFB60BB6823F00102FB6818
:105580001A60FB68043BFB600C4AFB681A60FB680E
:10559000143BFB607A68FB681A60FB68043BFB60A5
:1055A000FB686FF002021A60FB68203BFB60FB683F
:1055B00018461437BD465DF8047B7047C155000896
:1055C00080B485B000AF00237B60134B1B68B3F140
:1055D000FF3F0BD04FF0500383F31188BFF36F8F61
:1055E000BFF34F8FFB6000BF00BFFDE74FF05003DC
:1055F00083F31188BFF36F8FBFF34F8FBB6000BF82
:1056000000BF7B68002BFCD000BF00BF1437BD4635
:105610005DF8047B704700BF0C0000200000000014
:10562000074B19680868B0E8F04F80F30988BFF3AA
:105630006F8F4FF0000080F311887047AFF3008048
:10564000A409002000BF00BF08480068006880F37C
:1056500008884FF0000080F3148862B661B6BFF38B
:105660004F8FBFF36F8F00DF00BF00BF08ED00E07A
:1056700080B586B000AF474B1B68474A93420BD1B9
:105680004FF0500383F31188BFF36F8FBFF34F8F39
:105690003B6100BF00BFFDE73E4B1B683F4A9342A2
:1056A0000BD14FF0500383F31188BFF36F8FBFF31B
:1056B0004F8FFB6000BF00BFFDE7394B7B617B690B
:1056C0001B78DBB27B607B69FF221A707B691B78D9
:1056D000DBB2FB70FB78DBB203F05003DAB2314B84
:1056E0001A70314B07221A6009E02F4B1B68013BEF
:1056F0002D4A1360FB78DBB25B00DBB2FB70FB78FA
:10570000DBB203F08003802BEFD0274B1B68C3F183
:105710000703042B0BD04FF0500383F31188BFF322
:105720006F8FBFF34F8FBB6000BF00BFFDE71E4B05
:105730001B681B021C4A13601B4B1B6803F4E063CD
:10574000194A13607B68DAB27B691A70174B1B68C1
:10575000164A43F470031360144B1B68134A43F05A
:105760007043136000F0DAF8114B00221A6000F069
:10577000F9F8104B1B680F4A43F040431360FFF7E2
:1057800063FFFFF73DF8FFF71BFF002318461837AC
:10579000BD4680BD00ED00E071C20F4170C20F41F7
:1057A00000E400E0D00F0020D40F002020ED00E046
:1057B0000C00002034EF00E080B483B000AF4FF065
:1057C000500383F31188BFF36F8FBFF34F8F7B605C
:1057D00000BF104B1B6801330E4A13600D4B1B6852
:1057E000012B10D10C4B1B68DBB2002B0BD04FF000
:1057F000500383F31188BFF36F8FBFF34F8F3B606C
:1058000000BF00BFFDE700BF0C37BD465DF8047B5D
:10581000704700BF0C00002004ED00E080B483B0AE
:1058200000AF124B1B68002B0BD14FF0500383F3DA
:105830001188BFF36F8FBFF34F8F7B6000BF00BF36
:10584000FDE70A4B1B68013B084A1360074B1B68C6
:10585000002B05D100233B603B6883F3118800BF18
:1058600000BF0C37BD465DF8047B70470C0000207C
:10587000EFF30980BFF36F8F154B1A681EF0100FFE
:1058800008BF20ED108A20E9F04F10602DE90900D3
:105890004FF0500080F31188BFF34F8FBFF36F8F2D
:1058A000FEF7AEFF4FF0000080F3118809BC1968C5
:1058B0000868B0E8F04F1EF0100F08BFB0EC108A77
:1058C00080F30988BFF36F8F704700BFAFF300808C
:1058D000A409002000BF00BF80B582B000AF4FF028
:1058E000500383F31188BFF36F8FBFF34F8F7B603B
:1058F00000BFFEF7CBFE0346002B03D0064B4FF054
:1059000080521A6000233B603B6883F3118800BF1C
:1059100000BF0837BD4680BD04ED00E080B400AF95
:105920000B4B00221A600B4B00221A600A4B1B68BB
:105930000A4AA2FB03239B09094A013B1360044B5B
:1059400007221A6000BFBD465DF8047B704700BFA8
:1059500010E000E018E000E000000020D34D6210ED
:1059600014E000E0DFF80C00016841F47001016010
:10597000704700BF88ED00E080B485B000AFEFF362
:105980000583FB60FB680F2B15D9184AFB6813448D
:105990001B78FB72164B1B78FA7A9A420BD24FF0A7
:1059A000500383F31188BFF36F8FBFF34F8F7B607A
:1059B00000BF00BFFDE70F4B1B6803F4E0620E4B16
:1059C0001B689A420BD94FF0500383F31188BFF341
:1059D0006F8FBFF34F8F3B6000BF00BFFDE700BF7D
:1059E0001437BD465DF8047B704700BFF0E300E06C
:1059F000D00F00200CED00E0D40F002080B58AB05D
:105A000000AF78600023FB61FEF784FD5C4B1B68F0
:105A1000002B01D100F024F95A4B1A687B6813401F
:105A2000002B40F095807B68002B1ED008227B68FD
:105A300013447B607B6803F00703002B15D07B6861
:105A400023F0070308337B607B6803F00703002B18
:105A50000BD04FF0500383F31188BFF36F8FBFF368
:105A60004F8F7B6100BF00BFFDE77B68002B6FD0CD
:105A7000454B1B687A689A426AD8444B3B62434B59
:105A80001B687B6204E07B6A3B627B6A1B687B620B
:105A90007B6A5B687A689A4203D97B6A1B68002B31
:105AA000F1D1374B1B687A6A9A4251D03B6A1B6826
:105AB00008221344FB617B6A1A683B6A1A607B6A9E
:105AC0005A687B68D21A08235B009A4220D97A6A06
:105AD0007B681344BB61BB6903F00703002B0BD049
:105AE0004FF0500383F31188BFF36F8FBFF34F8FD5
:105AF0003B6100BF00BFFDE77B6A5A687B68D21A32
:105B0000BB695A607B6A7A685A60B86900F00AF922
:105B10001D4B1A687B6A5B68D31A1B4A13601A4BC9
:105B20001A681B4B1B689A4203D2174B1B68184A12
:105B300013607B6A5A68134B1B681A437B6A5A606E
:105B40007B6A00221A60134B1B680133114A1360F1
:105B5000FEF7EEFCFB6903F00703002B0BD04FF0C0
:105B6000500383F31188BFF36F8FBFF34F8FFB6038
:105B700000BF00BFFDE7FB6918462837BD4680BD62
:105B8000E04B0020F44B0020E44B0020D84B0020D9
:105B9000E84B0020EC4B002080B586B000AF786069
:105BA0007B687B617B68002B4FD008235B427A695E
:105BB00013447B617B693B613B695A68254B1B68D9
:105BC0001340002B0BD14FF0500383F31188BFF328
:105BD0006F8FBFF34F8FFB6000BF00BFFDE73B69D6
:105BE0001B68002B0BD04FF0500383F31188BFF3D9
:105BF0006F8FBFF34F8FBB6000BF00BFFDE73B69F6
:105C00005A68144B1B681340002B1ED03B691B685D
:105C1000002B1AD13B695A680E4B1B68DB431A40B4
:105C20003B695A60FEF776FC3B695A680A4B1B6871
:105C30001344094A1360386900F074F8074B1B6875
:105C40000133064A1360FEF773FC00BF1837BD46E8
:105C500080BD00BFF44B0020E44B0020F04B00203F
:105C600080B485B000AF4FF47053BB60274BFB602E
:105C7000FB6803F00703002B0CD0FB680733FB60C5
:105C8000FB6823F00703FB60BA68FB68D31A1F4A5E
:105C90001344BB60FB687B601D4A7B6813601C4B30
:105CA00000225A607B68BA681344FB600822FB68D4
:105CB0009B1AFB60FB6823F00703FB60FB68154A37
:105CC0001360144B1B6800225A60124B1B680022A1
:105CD0001A607B683B603B68FA68D21A3B685A607E
:105CE0000C4B1A683B681A603B685B680A4A136091
:105CF0003B685B68094A1360094B4FF000421A6029
:105D000000BF1437BD465DF8047B7047D80F0020F4
:105D1000D84B0020E04B0020E84B0020E44B002053
:105D2000F44B002080B485B000AF7860284BFB6056
:105D300002E0FB681B68FB60FB681B687A689A429C
:105D4000F7D8FB68BB60FB685B68BA6813447A6885
:105D50009A4208D1FB685A687B685B681A44FB6802
:105D60005A60FB687B607B68BB607B685B68BA6875
:105D70001A44FB681B689A4218D1FB681A68154BD5
:105D80001B689A420DD07B685A68FB681B685B6889
:105D90001A447B685A60FB681B681A687B681A6043
:105DA00008E00C4B1A687B681A6003E0FB681A680D
:105DB0007B681A60FA687B689A4202D0FB687A684E
:105DC0001A6000BF1437BD465DF8047B704700BF02
:105DD000D84B0020E04B00202DE9FF4757EC106B1B
:105DE000002F0C4619463B46BBBF07F100431F4638
:105DF00000232D230B700D9BDDF830A0914623F07E
:105E00002008BCBF32461646B8F1460F05D0B8F19F
:105E1000450F00D10134022100E0032103AB0193BF
:105E200002AB009347EC106B5346224601F088F911
:105E3000B8F1470F054619D119F0010F0ED000EB4C
:105E400004090022002330463946FAF745FE08B11E
:105E5000CDF80C903022039B4B451ED3039B0E9A2A
:105E60005B1B2846136004B0BDE8F087B8F1460F0D
:105E700000EB0409E5D10378302B0AD1002200237E
:105E800030463946FAF728FE18B9C4F10104CAF8B9
:105E90000040DAF800309944D3E7591C03911A7096
:105EA000D9E7F7B50029BABF49422D232B23092989
:105EB0000270437029DD0DF107031D460A271A46BB
:105EC000B1FBF7F607FB1614303402F8014C0C4610
:105ED000632C03F1FF333146F1DC3031941E03F8BB
:105EE000011C411C2346AB420AD30DF109039B1A46
:105EF000AC4288BF002302330344181A03B0F0BD3C
:105F000013F8016B01F8016FEDE730233031837036
:105F1000C170031DF1E700002DE9F04F8DB00C4674
:105F2000DDF8588016461F46054600F0F3FF03686B
:105F300004931846FAF7A4F900230A93D8F800301E
:105F40000590073323F0070303F1080294F818A023
:105F5000D4F800B0C8F80020D3E9008929F0004344
:105F60000793CDF81880C4E91289DDE906019C4B3E
:105F70004FF0FF32FAF7E2FD70BBDDE90601984B06
:105F80004FF0FF32FAF7BCFD30BB00220023404641
:105F90004946FAF7ABFD10B12D2384F84330914AFE
:105FA000914BBAF1470F94BF904698460323236163
:105FB0002BF0040323604FF00009009733460BAA2F
:105FC0002146284600F0D2F9013040F08D804FF094
:105FD000FF300DB0BDE8F08F42464B464046494683
:105FE000FAF7ACFD40B14B46002BBCBF2D2384F823
:105FF00043307E4A7E4BD4E763680AF0DF020692A4
:106000005A1C3BD1062363604BF48062002322605C
:1060100003930AABCDE901A309AB0093616849EC96
:10602000108B0DF123032846FFF7D6FE069B099936
:10603000472B804629D1C81C02DB6368994241DDA9
:10604000AAF1020A5FFA8AFA0139524604F15000B5
:106050000991FFF726FF0A9A1318012A8146236146
:1060600002DC2268D20701D5013323619DF8233079
:10607000002BA2D02D2384F843309EE7069A472AAE
:10608000C2D1002BC0D10123BDE7BAF1650FDBD926
:10609000BAF1660F18D1002963680BDD216113B9CD
:1060A0002268D00702D501330B442361A1654FF06C
:1060B0000009DBE713B92268D20701D50233F4E700
:1060C0000123F2E74FF0670A0A9B994205DB236838
:1060D0002161D807EAD54B1CE7E70029D4BFC1F1FD
:1060E000020201221344E0E723685A0507D423691A
:1060F000424631462846B84701302BD167E7BAF10E
:10610000650F40F2DD80D4E9120100220023FAF786
:10611000E3FC002833D0374A012331462846B847EC
:1061200001303FF454AFDDE90938434502DB236811
:10613000D8070FD5DDE9042331462846B84701309A
:106140003FF445AF4FF0000908F1FF3804F11A0A97
:10615000C84509DC23689B0700F10381E0680B9BBD
:106160009842B8BF184634E70123524631462846C4
:10617000B84701303FF42BAF09F10109E8E7099B6B
:10618000002B39DC1B4A012331462846B847013031
:106190003FF41DAFDDE9093959EA030302D1236851
:1061A000D907D7D5DDE9042331462846B847013061
:1061B0003FF40DAF4FF0000A04F11A0B099B5B424C
:1061C000534501DC4B4693E701235A4631462846A6
:1061D000B84701303FF4FBAE0AF1010AEEE700BF19
:1061E000FFFFEF7FF8A60008FCA6000800A7000844
:1061F00004A7000808A70008A36DDDF828A05345F0
:10620000A8BF5346002B994636DC4FF0000B29EA15
:10621000E97904F11A02A36D0693A3EB09035B4528
:1062200031DC099B9A453ADC2368DA0737D4099BAD
:10623000AAEB0309069BAAEB03039945A8BF99465D
:10624000B9F1000F33DC4FF0000829EAE97904F1D5
:106250001A0B099BAAEB0303A3EB090343457FF742
:1062600079AF01235A4631462846B84701303FF4FA
:10627000AEAE08F10108ECE7424631462846B84781
:106280000130C2D1A3E60123314628460692B84721
:1062900001303FF49CAE069A0BF1010BBBE7DDE940
:1062A000042331462846B8470130C0D18FE6069A0C
:1062B0004B46424431462846B8470130C3D186E6B2
:1062C000DDF828A0BAF1010F01DCDB0736D5012388
:1062D000424631462846B84701303FF478AEDDE902
:1062E000042331462846B84701303FF470AED4E964
:1062F0001201002200230AF1FF3AFAF7EDFBC0B9C0
:10630000534608F1010231462846B84701300CD106
:106310005DE601235A4631462846B84701303FF42E
:1063200056AE08F10108D045F3DB4B4604F15002AC
:10633000DFE64FF0000804F11A0BF4E701234246B0
:10634000E1E701234A4631462846B84701303FF489
:106350003EAE08F10108E3680B995B1A4345F0DC97
:10636000FCE64FF0000804F11909F4E72DE9F047C5
:10637000164698468A680B69DDF820909342B8BFAC
:106380001346336091F8432007460C460AB10133A7
:1063900033602368990642BF33680233336025684F
:1063A00015F0060506D104F1190AE36832689B1A54
:1063B000AB4226DC94F843302268003B18BF01232F
:1063C00092062BD404F1430241463846C8470130B7
:1063D0001ED02368226903F00603042B02BFE56880
:1063E0003368ED1AA3680CBF25EAE57500259342D2
:1063F000C4BF9B1AED1800261A34B5421AD10020EA
:1064000008E00123524641463846C847013003D1CF
:106410004FF0FF30BDE8F0870135C6E7E1185A1CA0
:10642000302081F84300224494F8451082F843104C
:106430000233C7E70123224641463846C8470130A8
:10644000E6D00136D9E700002DE9FF470F7E0C9E0C
:10645000782F914680460C469A4601F1430207D8B0
:10646000622F0AD8002F00F0D280582F00F0B98098
:1064700004F1420684F842703AE0A7F16303152B59
:10648000F6D801A151F823F0E1640008F564000892
:106490007164000871640008716400087164000888
:1064A000F5640008716400087164000871640008F4
:1064B00071640008F56500081F650008AF650008F5
:1064C00071640008716400081766000871640008B0
:1064D0001F6500087164000871640008B765000852
:1064E00033681A1D1B68326004F1420684F842309A
:1064F00001239DE033682068191D3160060601D52F
:106500001D6803E04506FBD5B3F90050002D03DA02
:106510002D236D4284F8433059480A2311E0216845
:106520003368080653F8045B02D4490648BFADB28D
:106530006F2F5348336014BF0A230823002184F8C7
:1065400043106668A660002EA2BF216821F00401F6
:1065500021600DB9002E4BD01646B5FBF3F103FBBD
:106560001157C75D06F8017D2F46BB420D46F4D991
:10657000082B0BD12368DF0708D52369616899428E
:10658000DEBF302306F8013C06F1FF36921B226184
:10659000CDF800A04B4603AA21464046FFF7E6FE91
:1065A00001304AD14FF0FF3004B0BDE8F0872368D6
:1065B00043F0200323603348782784F8457023682C
:1065C00031681F0651F8045B02D45F0648BFADB2C4
:1065D0003160D90744BF43F0200323601DB110236D
:1065E000ACE72748E9E7236823F020032360F6E7B8
:1065F0001646BDE7336825686169181D30602E06B0
:106600001B6801D5196002E06806FBD519800023DC
:1066100023611646BCE733681A1D32601E68626843
:1066200000213046F9F7DCFD08B1801B606063682B
:106630002361002384F84330AAE7236932464946A0
:106640004046D0470130ADD023689B0713D4E068A3
:10665000039B9842B8BF1846A6E701233246494635
:106660004046D04701309DD00135E36803995B1A5D
:10667000AB42F2DCEBE7002504F11906F5E700BFB9
:106680000AA700081BA700082DE9F04F87B017469E
:1066900003938B685A1EB2F5AE7F81BF6FF4AE755F
:1066A00003EB050B40F25D138B600B680A464FF05D
:1066B000000543F4F06342F81C3BCDE904558046E5
:1066C0000C4698BF4FF0000B01921646AA46A94609
:1066D0000295A26852B13B681B784E2B64D8402BC0
:1066E0003CD8A3F12B01C8B20E283AD9B9F1000F5A
:1066F00003D0236823F4807323600AF1FF3ABAF1D0
:10670000010F00F21781019B9E4200F208810120D7
:1067100007B0BDE8F08FA3F161020D2AE6D801A110
:1067200051F822F06B680008ED660008ED6600087D
:10673000ED660008CB680008A3680008ED66000855
:10674000ED66000879680008ED660008ED6600084F
:10675000ED660008ED66000831680008A3F141020B
:10676000DBE70E29C2D801A050F821F0216800080B
:10677000ED66000821680008B7680008ED660008AB
:10678000C96700080768000807680008076800086C
:10679000076800080768000807680008076800081D
:1067A00007680008076800086E2B09D8602BB2D86C
:1067B000542B7BD0592B99D1072D97D108252CE04C
:1067C000742B73D0792BF6E72168C8051BD521F00F
:1067D0008001216009F10109BBF1000F03D00132F2
:1067E0000BF1FF3BA260A368013BA3602369013367
:1067F00023617B68013B002B7B6040F387803B6813
:1068000001333B6065E71AEB05017FF46FAF226847
:1068100022F4C07222600D468A4606F8013BE2E788
:10682000226810067FF562AF22F080022260F4E752
:10683000BAF1000F0ED1B9F1000F0ED1226802F4A7
:10684000E061B1F5E06F08D122F4F06222604FF010
:10685000010AE2E7BAF1020F55D0012D02D0042D52
:106860007FF444AF0135EDB2D7E7BAF1010F7FF401
:106870003DAF4FF0020AD0E77DB9B9F1000F7FF4C8
:1068800038AF226802F4E061B1F5E06F40F00881B2
:1068900022F4F06222600125BFE7032DE2D0052D2E
:1068A000DEE7022D7FF422AF0325B6E7062D7FF445
:1068B0001DAF0725B1E7226891057FF517AF22F4D8
:1068C00020722260CDF80890A7E7226802F4A06148
:1068D000B1F5806F06D050057FF508AFB9F1000F14
:1068E00000F0DE80910558BF029922F4F06258BF93
:1068F000A9EB010142F4C07258BFCDE90416226031
:106900004FF0000989E74FF0030A86E7D4F8803199
:1069100039464046984700283FF4DBAEE6E6D4F817
:106920007C3116F8011D3A46404698472369013BE1
:106930002361E8E66B1E062B24D8022D36D8019B76
:106940009E427FF6E4AED4F87C3116F8011D3A463B
:10695000404698472369013B2361F0E7D4F87C3136
:106960001BF8011D3A46404698472369013B2361C5
:106970000AF1FF3A5FFA8AFABAF1020FEED1033D4B
:10698000EDB2761B2368DA0530D55B0511D5019B86
:106990009E427FF6BCAED4F87C3116F8011D3A4613
:1069A000404698472369013B2361F0E7AA46B34676
:1069B000DEE716F8011C2369652903F1FF3306F1B0
:1069C000FF3523610CD045290AD0D4F87C313A46F2
:1069D00040469847236916F8021C013BB51E236107
:1069E000D4F87C313A46404698472E46226812F049
:1069F000100201D000208BE63270236803F4C063DC
:106A0000B3F5806F1CD1029B4B45A3EB090223D148
:106A100001990022404602F00BFD039B21681B6890
:106A200011F0020F57EC106B03F104021FD0039911
:106A30000A601B68C3E90067E3680133E360D9E7D4
:106A4000049B002BE4D005990A230131404602F053
:106A50006FFD049B059EC21A04F26F139E4228BF6D
:106A600004F5B7761049304600F054F9D0E711F03C
:106A7000040F03990A60DCD11D6832463B4630465C
:106A80003946FAF75BF828B1084800F0C9FA85EDF5
:106A9000000AD1E730463946FAF7AEF82860CBE76E
:106AA0004FF0000929E600BF2CA70008C5AA00087E
:106AB000002310B50446C0E90033C0E90433836005
:106AC00081814366C2818361194608225C3000F0EF
:106AD00019FA0D4B63620D4BA3620D4BE3620D4B34
:106AE00023630D4B24629C4206D003F1680294425A
:106AF00002D0D0339C4205D104F15800BDE81040CB
:106B000000F07CBA10BD00BF556D0008776D00081D
:106B1000AF6D0008D36D0008F84B0020024A03490E
:106B2000034800F069B800BF10000020719B000806
:106B30002000002041680C4B994210B5044601D05A
:106B400003F016F8A168094B994202D0204603F0E1
:106B50000FF8E168064B994204D02046BDE810408A
:106B600003F006B810BD00BFF84B0020604C0020B9
:106B7000C84C002010B50B4B0B4C0C4A1A60204639
:106B800000220421FFF794FF04F16800012209218B
:106B9000FFF78EFF04F1D0000222BDE81040122161
:106BA000FFF786BF304D0020F84B00201D6B00081A
:106BB000014800F024BA00BF394D0020014800F020
:106BC0001FBA00BF394D002010B50446FFF7F0FF93
:106BD000236A1BB1BDE81040FFF7F0BF044B2362EE
:106BE000044B1B68002BF5D1FFF7C4FFF2E700BF91
:106BF000356B0008304D00202DE9F84307468846E4
:106C000014460026D4E90195B9F1010905D5246897
:106C1000002CF7D13046BDE8F883AB89012B07D9AA
:106C2000B5F90E30013303D029463846C047064334
:106C30006835E9E70FB407B5064904AB086853F8AF
:106C4000042B8168019302F0F7FD03B05DF804EBBB
:106C500004B070471C000020036A70B584680546C4
:106C60000E460BB9FFF7B0FF636EDB0705D4A389AF
:106C7000980502D4A06D00F0C2F9A389190702D5C6
:106C80002369002B35D12146284600F0E5F880B372
:106C90004FF0FF35636EDA0705D4A3899B0502D454
:106CA000A06D00F0ADF9284670BD002B04DAA26992
:106CB0009A4217DC0A2915D023685A1C22601970E1
:106CC000A36816F8011F013BA3600029EDD1002B3A
:106CD00011DA22460A21284600F07FF80130D7D089
:106CE0000A25D7E72246284600F077F80130E7D199
:106CF000CEE7013EE4E723685A1C22600A221A709C
:106D0000EEE70000024B01461868FFF7A5BF00BF81
:106D10001C0000200EB400B59CB01DAB0290069084
:106D20006FF00041094807910491094953F8042B79
:106D300005910068019302A902F058FC029B002211
:106D40001A701CB05DF804EB03B070471C00002003
:106D50000802FFFF10B50C46B1F90E1000F000F963
:106D60000028ABBF636DA3891B1823F48053ACBF0D
:106D70006365A38110BD2DE9F0411F468B89DB05BA
:106D800005460C46164605D5B1F90E100223002221
:106D900000F0D4F8A389B4F90E1023F48053A38132
:106DA00032463B462846BDE8F04100F0EBB810B54E
:106DB0000C46B1F90E1000F0C1F8431CA38915BFB1
:106DC000606523F4805343F48053A38118BFA381EB
:106DD00010BDB1F90E1000F0A1B8F8B50E4614467A
:106DE000054618B1036A0BB9FFF7EEFEA369A3606D
:106DF000A3891A0701D5236943B92146284600F023
:106E00002BF818B14FF0FF373846F8BD23682269D8
:106E1000981A6369F6B28342374605DC2146284654
:106E200002F0A6FE0028EDD1A368013BA360236811
:106E30005A1C22601E706269431C9A4204D0A389C6
:106E4000DB07E1D50A2EDFD12146284602F090FE6D
:106E50000028D9D0D6E7000038B5294B0546186878
:106E60000C4618B1036A0BB9FFF7AEFEB4F90C304B
:106E7000190722D4DA0607D409222A6043F0400316
:106E8000A3814FF0FF3033E0580712D5616B41B159
:106E900004F14403994202D0284600F015FF002374
:106EA0006363A38923F02403A38100236360236920
:106EB0002360A38943F00803A38123694BB9A38905
:106EC00003F42073B3F5007F03D02146284602F077
:106ED0009DFEB4F90C3013F001020AD00022A2602A
:106EE00062695242A261226942B913F08000C5D1A1
:106EF00038BD990758BF6269A260F4E70020F7E740
:106F00001C00002002440346934200D1704703F85E
:106F1000011BF9E7004870475C01002038B5064DB9
:106F20000023044608462B60FAF7B4FA431C02D14A
:106F30002B6803B1236038BD344D002038B5074DB0
:106F400004460846114600222A601A46FAF7C9FA92
:106F5000431C02D12B6803B1236038BD344D00209F
:106F600038B5074D04460846114600222A601A46E5
:106F7000FAF757FA431C02D12B6803B1236038BDDE
:106F8000344D002038B5074D04460846114600220E
:106F90002A601A46FAF762FA431C02D12B6803B141
:106FA000236038BD344D0020014B1868704700BF86
:106FB0001C00002070B50D4D0D4C641BA410002664
:106FC000A64209D10B4D0C4C03F0E0FA641BA4104F
:106FD0000026A64205D170BD55F8043B98470136FE
:106FE000EEE755F8043B98470136F2E730AB00086E
:106FF00030AB000830AB000834AB00087047704776
:1070000070470A44914200F1FF3300D1704710B538
:1070100011F8014B03F8014F9142F9D110BD000066
:107020009FED010A704700BF0000C07F2DE9F74FB8
:1070300003690C69A34207467EDB013C01F1140899
:10704000A30000F11405009305EB8403019358F8A5
:10705000243055F8242001339A4208EB8409B2FB0E
:10706000F3F62ED34FF0000AC446AE46D3465CF882
:10707000043B98B206FB00A0020C1B0C06FB03238A
:10708000DEF8002080B292B2121A5A44DEF80000F4
:107090004FEA134A9BB2C3EB224303EB104392B275
:1070A00042EA0342E1454EF8042B4FEA234BDED27D
:1070B000009BEB582BB9019B043B9D421A462FD3F2
:1070C0003C61384601F0C4F9002825DB2946002040
:1070D00058F8042BD1F800C01FFA82FE1FFA8CF377
:1070E000A3EB0E030344120CC2EB234202EB1C423F
:1070F0009BB243EA0243C14541F8043B4FEA2240B8
:10710000E6D255F8242005EB840322B9043B9D42C6
:107110001A460BD33C610136304603B0BDE8F08F10
:107120001268043B002ACBD1013CC6E71268043B3D
:10713000002AEFD1013CEAE70020EEE70000000062
:107140002DE9F04FC76999B08DED020B55EC104B4E
:10715000229E099183460E9213937FB9102000F06E
:10716000FDFD0246CBF81C0020B9A74BEF21A74834
:1071700002F0EEFDC0E901770760C760DBF81C3064
:10718000196859B15A684A60012393408B60584688
:1071900000F0DAFEDBF81C3000221A602B1EB9BFAB
:1071A00023F00043039300233360039F984BBCBF3D
:1071B00001223260BB4312D1139A42F20F73136063
:1071C000C7F31303234300F04D85239BDFF854A23C
:1071D000002B00F04F850AF1030300F049BD9DED3F
:1071E000027B002251EC170B00238DED0C7BF9F78D
:1071F00073FC804658B1139A01231360239B13B18B
:10720000239A844B1360DFF820A200F033BD9DED7C
:107210000C0B16AA17A9584601F03AFAC7F30A56FA
:107220008146002E77D00D9BCDF85080C3F3130319
:10723000DDE90C0143F07F5343F44013A6F2FF361F
:1072400019460022744BF9F727F869A3D3E9002304
:10725000F9F7DAF968A3D3E90023F9F71FF8044630
:1072600030460D46F9F766F965A3D3E90023F9F72F
:10727000CBF902460B4620462946F9F70FF804469B
:107280000D46F9F771FC00220746002320462946E7
:10729000F9F72CFC40B13846F9F74CF922462B4659
:1072A000F9F71AFC00B9013F162F51D85B4B03EBDD
:1072B000C703D3E90023DDE90C01F9F717FC002827
:1072C00048D0013F00231293169B9B1B5A1E44BFBC
:1072D000C3F101080023089254BF4FF0000808933F
:1072E000002F39DB089B0F973B44089300230A9338
:1072F000099B092B64D8052BC4BF043B0993099B48
:10730000A3F10203CCBF00240124032B63D8DFE8E0
:1073100003F02A373555DDE916631E4406F2324381
:10732000202BC1BFC3F140039F4006F2124324FA51
:1073300003F3D6BFC3F1200347EA030004FA03F0C6
:10734000F9F7E8F80122A1F1F873013E149277E70A
:107350000123B8E71290B7E77B420A930023A8EB1A
:1073600007080F93C4E700230B930E9B002B35DC1B
:107370000123009307931A460E920BE00123F3E7D3
:1073800000230B930E9BFB1800930133012B0793F3
:10739000B8BF0123DBF81C000021042202F1140510
:1073A0009D421FD94160584600F08EFD824600285C
:1073B0003CD11B4B024640F2AF11D8E60123E0E777
:1073C0000124002309930B944FF0FF33009307939C
:1073D00000221223D0E701230B93F5E70E9B0093C5
:1073E0000793D7E701315200D8E700BFAFF3008021
:1073F00061436F63A787D23FB3C8608B288AC63FBB
:10740000FB799F501344D33F3EA7000855A70008BF
:107410000000F07F09A700080000F83F50A800080E
:10742000ADA700083AA7000808A70008DBF81C3041
:107430001860079B0E2B00F2A480002C00F0A180A6
:10744000002F33DDAD4B07F00F0203EBC20393EDCA
:10745000007BF8058DED047B4FEA271416D5A84B69
:10746000DDE90C01D3E90823F9F7F8F9CDE90201C8
:1074700004F00F040326A24D54B9DDE90423DDE92D
:107480000201F9F7EBF9CDE9020128E00226F2E763
:10749000E10708D5DDE90401D5E90023F9F7B4F8DF
:1074A000CDE90401013664100835E5E700F0D2802B
:1074B0007C42924B924D04F00F0203EBC203D3E9DE
:1074C0000023DDE90C01F9F79FF8CDE90201241151
:1074D00000230226002C40F0B280002BD3D1129B57
:1074E000DDE90245002B00F0B780864B00222046E4
:1074F0002946F9F7FBFA002800F0AE80079B002B25
:1075000000F0AA80009B002B37DD7B1E04932046F1
:107510007D4B00222946F9F777F8CDE90201009C5E
:1075200001363046F9F706F8DDE90223F9F76CF881
:10753000764B0022F8F7B2FE0546A1F15076002CFA
:1075400040F08D80DDE90201714B0022F8F7A4FEC6
:1075500002460B46CDE902232A463346F9F7E4FA00
:10756000002840F08B82DDE902012A4606F1004343
:10757000F9F7BCFA002840F02881DDE90C34CDE9A8
:107580000234179B002BC0F25A810E2F00F3578153
:107590005A4B03EBC70393ED007B0E9B002B8DED45
:1075A000007B03DA079B002B40F30181DDE90245F4
:1075B0005646DDE9002320462946F9F74FF9F9F749
:1075C000D3FA8046F8F7B6FFDDE90023F9F71CF897
:1075D00002460B462046294608F13004F8F75CFEC7
:1075E00006F8014B079DA6EB0A04A54202460B468E
:1075F00040F01781F8F752FEDDE9002304460D46FE
:10760000F9F792FA002840F0F980DDE900232046DE
:107610002946F9F761FA18B118F0010F40F0EE8031
:107620004946584600F090FC00233370139B013705
:107630001F60239B002B00F01D831E601AE3E207EE
:1076400005D5D5E90023F8F7DFFF013601236410E3
:1076500008353FE7022642E7079C049761E7274B7E
:107660000B9903EBC40353E902235444002953D07C
:1076700028490020F9F7F2F833462A46F8F70CFEBD
:10768000CDE910015646DDE90201F9F76DFA05462C
:10769000F8F750FF02460B46DDE90201F8F7FCFD62
:1076A000303502460B46CDE9022306F8015BDDE9E1
:1076B0001023F9F71BFA002871D1DDE902231149E3
:1076C0000020F8F7E9FDDDE91023F9F70FFA0028AB
:1076D00040F09580A6423FF450AFDDE910010A4B1F
:1076E0000022F8F791FF084BCDE910010022DDE9F7
:1076F0000201F8F789FFCDE90201C4E750A80008AC
:1077000028A800080000F03F0000244000001C40B2
:10771000000014400000E03F31462846F8F774FFAF
:10772000CDE9100115945646DDE90201F9F71CFA7E
:107730000546F8F7FFFE02460B46DDE90201F8F7C1
:10774000ABFD303506F8015B02460B46A642CDE99B
:1077500002234FF0000224D1AC4BDDE91001F8F711
:107760009DFD02460B46DDE90201F9F7DDF900282F
:1077700045D1DDE91023A5490020F8F78DFD02462B
:107780000B46DDE90201F9F7B1F900283FF4F5AE47
:10779000159E731E159316F8013C302BF8D0049FEC
:1077A0003EE79B4BF8F730FFCDE90201BCE70CD177
:1077B000984B0022DDE90001F8F726FFDDE90223FE
:1077C000F9F7A8F9002800F05781002425460E9B00
:1077D000DB430493564600272146584600F0B4FB8D
:1077E000002DDCD02FB1AF4203D03946584600F00F
:1077F000ABFB2946584600F0A7FBD0E70497334679
:107800001E4613F8012D392A07D19A45F8D1049A5A
:107810000132049230228AF800201A7801321A705C
:10782000BDE77B4B0022F8F7EFFE00220023044661
:107830000D46F9F751F900283FF4BBAEF0E60B9A7C
:10784000002A00F0DB80099A012A00F3BF80149A15
:10785000002A00F0B78003F233430A9C4646089A98
:1078600001211A4458469844089200F06BFC0546E2
:107870005EB1089B002B08DDB342089AA8BF3346CF
:10788000A8EB0308F61AD31A08930A9BF3B10B9BD3
:10789000002B00F0B7808CB129462246584600F0F4
:1078A00011FD4A4601460546584600F061FC49462E
:1078B0000490584600F048FB049B99460A9B1A1B0B
:1078C00004D04946584600F0FDFC81460121584647
:1078D00000F038FC0F9B0446002B00F0CF811A46C5
:1078E0000146584600F0EEFC099B012B044600F3CC
:1078F0009580029B002B40F08780039BC3F313030A
:10790000002B40F08980039B23F000431B0D1B05D7
:107910002BB1089B0133089308F1010801230A9356
:107920000F9B002B00F0B081236904EB83031869DF
:1079300000F0BCFBC0F12000089B184410F01F00B1
:1079400077D0C0F12003042B6BDD089BC0F11C0035
:107950000344804406440893B8F1000F05DD49460E
:107960004246584600F008FD8146089B002B05DD85
:1079700021461A46584600F0FFFC0446129B002B95
:1079800059D02146484600F063FD002853DA7B1E9B
:107990000493494600230A22584600F0F7FA0B9B4D
:1079A0008146002B00F07281002329460A225846A6
:1079B00000F0ECFA009B002B054667DC099B022BCC
:1079C00041DC63E0169BC3F1360346E7079B5C1E70
:1079D0000A9BA342BFBF0A9B0F9A0A94E31AB4BF43
:1079E000D2181C1B079BBCBF0F920024002BB5BFF5
:1079F000A8EB0306079B0023464630E70A9C0B9D35
:107A0000464635E70A9A5CE7002388E70000E03F36
:107A10000000244000001440029B80E700230A93EA
:107A200082E799D0089A1C331A4498441E4408925D
:107A300092E70346F6E7079B0497002B20DC0093B0
:107A4000099B022B1EDD009B002B7FF4C0AE21465C
:107A50000522584600F09AFA01460446484600F0CE
:107A6000F7FC00287FF7B3AE5646312306F8013BFA
:107A7000049B01330493AEE6079C04972546F3E785
:107A8000079B00930B9B002B00F00481002E05DD6B
:107A900029463246584600F06FFC05460A9B002BEB
:107AA0005AD06968584600F00FFA064628B9844B48
:107AB000024640F2EF21FFF75ABB2A6902329200D8
:107AC00005F10C010C30FFF79CFA012231465846B3
:107AD00000F052FC0AF101030793009B53440B93FF
:107AE000029B03F001032F460A930546079B21469C
:107AF000013B48460093FFF799FA3946029000F19E
:107B00003008484600F0A4FC2A4608902146584612
:107B100000F0BAFCC268064602BB0146484600F0C7
:107B200097FC0246314658460E9200F00DFA099B2A
:107B30000E9A079E43EA02010A9B194310D1B8F13D
:107B4000390F29D0089B002B02DD029B03F131087D
:107B5000009B83F800803FE62846BBE70122E1E76F
:107B6000089B002B04DB09990B430A990B4320D196
:107B7000002AEDDD49460122584600F0FDFB214672
:107B8000814600F065FC002803DCE1D118F0010F0C
:107B9000DED0B8F1390FD8D1009A392313703346AB
:107BA0001E46013B16F8012C392A52D001321A70B8
:107BB00012E6002A07DDB8F1390FEDD0009A08F17E
:107BC0000103137008E6079B079A03F8018C0B9BCF
:107BD000934228D0494600230A22584600F0D6F99D
:107BE000AF4281464FF000034FF00A023946584633
:107BF00007D100F0CBF907460546079B01330793F1
:107C000074E700F0C3F92946074600230A225846C4
:107C100000F0BCF90546F0E7009B002BCCBF1E46E8
:107C200001265644002749460122584600F0A4FB8D
:107C30002146814600F00CFC0028B0DC02D118F08F
:107C4000010FACD133461E4613F8012D302AFAD06D
:107C5000C2E59A45A4D1049B0133049331238AF8E9
:107C60000030B9E5239BDFF85CA01BB10AF10803E3
:107C7000239A1360504619B0BDE8F08F099B012B81
:107C80007FF737AE0F9B0A93012055E6009B002B30
:107C90007FF7D6AE564621464846FFF7C7F900F1B2
:107CA000300806F8018B009BA6EB0A029342B3DD75
:107CB000494600230A22584600F068F98146EAE75F
:107CC000ADA7000831A7000838B50546002941D006
:107CD00051F8043C0C1F002BB8BFE41800F0E8F882
:107CE0001D4A136833B9636014602846BDE8384004
:107CF00000F0E4B8A34208D9206821188B4201BFE4
:107D000019685B6809182160EDE71A465B680BB1DA
:107D1000A342FAD911685018A0420BD1206801443F
:107D2000501883421160E0D118685B6853600844C2
:107D30001060DAE702D90C232B60D6E720682118FF
:107D40008B4204BF19685B68636004BF0918216037
:107D50005460CAE738BD00BF404D0020024B0146C9
:107D6000186800F025B800BF1C00002070B50F4E49
:107D70000C463168054611B901F0D2FF306021464A
:107D8000284601F0CDFF431C03D14FF0FF342046BD
:107D900070BDC41C24F00304A042F8D0211A284668
:107DA00001F0BEFF0130F2D1EFE700BF3C4D0020F3
:107DB0002DE9F843CD1C25F0030508350C2D38BFFF
:107DC0000C25002D064601DBA94204D90C233360A3
:107DD0000020BDE8F883DFF8D48000F069F8D8F817
:107DE00000301C4644BB29463046FFF7BFFF431C0A
:107DF000044658D1D8F800402746002F43D1002C24
:107E00004BD023683946304604EB030901F088FF64
:107E1000814542D121686D1A29463046FFF7A6FFF9
:107E200001303AD023682B442360D8F800305A68D8
:107E300062BBC8F800700FE02268521B20D40B2AE6
:107E400017D96119A342256018BF5960636808BF3C
:107E5000C8F8001062514B60304600F02FF804F172
:107E60000B00231D20F00700C21A1CBF1B1AA350D1
:107E7000AFE76268A3420CBFC8F800205A60EBE786
:107E800023466468AEE73C467F68B6E71A465B68FF
:107E9000A342FBD100235360DEE70C23336030465E
:107EA00000F00CF894E70560D6E700BF404D0020D5
:107EB0000148FFF7A4B800BF384D00200148FFF784
:107EC0009FB800BF384D002070B5C66904460D4606
:107ED00076B91020FFF742FF0246E06120B9184B47
:107EE00018486B2101F034FFC0E901660660C660E6
:107EF000E669F36883B1E369DB6853F82500B8B934
:107F0000012101FA05F6721D9200204601F03EFFA4
:107F100060B1C0E901560EE021220421204601F0A3
:107F200035FFE369F060DB68002BE4D1002070BD11
:107F3000026843F825200023C0E90333F7E700BFB8
:107F40003EA70008BEA7000870B5C66905460C46E6
:107F500076B91020FFF702FF0246E86120B9094B0D
:107F600009488F2101F0F4FEC0E901660660C66091
:107F70003CB1EB696268DB6853F82210216043F87A
:107F8000224070BD3EA70008BEA700082DE9F041C1
:107F90000D6907460C461E4601F1140C0020DCF862
:107FA000003099B202FB01611E0C0B0C02FB063380
:107FB00089B2013001EB034185424CF8041B4FEAC2
:107FC0001346ECDC0EB3A368AB4219DC616838469B
:107FD0000131FFF779FF804628B902460C4B0D4866
:107FE000BA2101F0B5FE2269023204F10C019200BF
:107FF0000C30FFF706F821463846FFF7A5FF444648
:1080000004EB850301355E6125612046BDE8F08102
:10801000ADA70008BEA700082DE9F8430C46154699
:108020001F4609220833064693FBF2F30021012282
:108030009A4209DB3046FFF747FF40B90246194B29
:108040001948D32101F084FE52000131F0E7089B6A
:108050004361092D4FF00103036116DD04F10909A5
:10806000C8462C4418F8013B0146303B0A223046F2
:10807000FFF78CFFA045F5D1A5F108044C442D1B5A
:108080006319BB4204DBBDE8F8830A340925F6E72F
:1080900014F8013B0146303B0A223046FFF776FFD9
:1080A000EEE700BFADA70008BEA70008B0F5803F0F
:1080B000034636BF030400201020B3F1807F3CBF8D
:1080C0001B020830B3F1805F3CBF1B010430B3F1E9
:1080D000804F3CBF9B000230002B05DB13F0804F2C
:1080E00000F1010008BF202070470368024613F02A
:1080F00007000BD0D90721D4980749BF5B089B081C
:10810000012013605CBF13600220704799B209B967
:108110001B0C1020D9B209B908301B0A190704BF7B
:108120001B090430990704BF9B080230D90703D408
:108130005B0800F1010003D0136070470020704716
:108140002020704710B50C460121FFF7BDFE024606
:1081500028B9054B054840F2451101F0F9FD01230E
:108160004461036110BD00BFADA70008BEA70008B1
:108170002DE9F04F14460A6923699A42A8BF2346A5
:108180000F46A4BF0C461F46D4F810A0D7F8109095
:10819000A36861680AEB0906B34285B0B8BF013134
:1081A000FFF792FE30B90246444B45484FF4B17197
:1081B00001F0CEFD00F1140505EB86082B460022E8
:1081C000434521D307F1140104F1140202EB8A02A2
:1081D00001EB89030293131B153B23F003030433C4
:1081E00004F11507BA4238BF04230193029B03919F
:1081F0008B420CD8002E03DD58F8043D002B5BD0D9
:10820000066105B0BDE8F08F43F8042BD8E7B1F85C
:1082100000A0BAF1000F24D004F1140EA9464FF0CB
:10822000000C5EF8047BD9F800301FFA87FB9BB284
:108230000AFB0B334FEA174BD9F8007063444FEA3F
:10824000174C0AFB0BC707EB13479BB243EA0743E4
:10825000724549F8043B4FEA174CE2D8019B45F8B8
:1082600003C0039BB3F802900431B9F1000F21D091
:108270002B6804F1140CAE464FF0000ABCF800B0B5
:10828000BEF8027009FB0B7757449BB243EA0743E1
:108290004EF8043B5CF8043B4FEA134ABEF800304A
:1082A00009FB0A3303EB174362454FEA134AE5D84B
:1082B000019FEB51043599E7013E9BE7ADA700080C
:1082C000BEA700082DE9F843154612F00302074641
:1082D0000E4607D0254C013A002354F82220FFF720
:1082E00055FE0646AD103DD0FC697CB91020FFF765
:1082F00035FD0246F86128B91D4B1E4840F2B31106
:1083000001F026FDC0E901440460C460D7F81C8078
:10831000D8F808404CB940F271213846FFF712FFF7
:108320000023C8F80800044603604FF00009EB077B
:108330000AD5314622463846FFF71AFF31468046B5
:108340003846FFF701FE46466D100BD0206838B95D
:10835000224621463846FFF70BFF2060C0F8009008
:108360000446E4E73046BDE8F88300BF18A80008DB
:108370003EA70008BEA700082DE9F0470C46496853
:10838000236903EB6218A368074691464FEA621A15
:1083900008F10106B3420BDB3846FFF795FD0546B1
:1083A00048B90246284B29484FF4EF7101F0D0FC40
:1083B00001315B00EEE7002300F1140100F110022F
:1083C0001846534533DB20692AEAEA7A04F114039C
:1083D00019F01F0901EB8A0103EB800C2BD0C9F1C6
:1083E000200E8A460022186800FA09F010434AF865
:1083F000040B53F8042B9C4522FA0EF2F3D8ACEB95
:108400000403153B23F00303043304F115008445F2
:1084100038BF0423CA500AB108F10206013E3846AB
:108420002E612146FFF790FD2846BDE8F08742F80F
:10843000040F0133C5E7043953F8042B41F8042F26
:108440009C45F9D8EAE700BFADA70008BEA7000821
:108450000A6903460069801A30B50ED1143314310D
:1084600003EB820401EB820154F8045D51F8042D02
:10847000954203D005D24FF0FF3030BDA342F3D375
:10848000FBE70120F9E700002DE9F74F8946064692
:10849000114648461446FFF7DBFF051E12D1294658
:1084A0003046FFF711FD024628B93F4B40F2372115
:1084B0003E4801F04DFC0123C0E90435104603B0ED
:1084C000BDE8F08FBCBF4B46A1463046D9F804103A
:1084D000BABF1C4601250025FFF7F6FC024618B975
:1084E000314B40F24521E3E7D9F810702669C560A9
:1084F00009F1100309F1140504F1140E00F1140B35
:1085000005EB87080EEB86060193D9464FF0000C69
:10851000019B5EF8040B53F804AF01931FFA8AF332
:10852000194683B2CB1A000C6344C0EB1A4000EB2F
:1085300023409BB243EA0043764549F8043B4FEAA7
:10854000204CE5D8331B153B23F0030315340433CB
:10855000A64238BF04231D445B441E462C464445B6
:108560000ED308F10301491B21F00301033DA84587
:1085700038BF00210B4453F8041D91B117619DE7EA
:1085800054F8041BE646080C1CFA81FC714400EB0D
:108590002C4089B241EA004146F8041B4FEA204CC6
:1085A000DDE7013FE7E700BFADA70008BEA7000871
:1085B00082B08DED000B019A0F4B1340A3F1507365
:1085C000002B08DC5B42B3F1A07F4FEA235204DAB0
:1085D0004FF400231341002208E0A2F114031E2BE4
:1085E000DABF4FF00042DA4001220023194610465C
:1085F00041EC100B02B070470000F07F2DE9F04114
:10860000066900F1140808EB8606371F56F8042C9B
:108610001046FFF74BFDC0F120030A280B601B49F1
:1086200015DCC0F10B0C22FA0CF3B84543EA010546
:1086300034BF56F8083C0023153002FA00F023FA44
:108640000CF303431C4645EC104BBDE8F081B845E4
:108650003ABF56F8083CA6F1080700230B3812D0A1
:10866000C0F1200123FA01F482402243474542F041
:108670007F558CBF57F8042C00228340CA4045F434
:1086800040151343DEE742EA0105DBE70000F03F57
:108690002DE9F7430F46012159EC108B1646FFF7E1
:1086A00013FC044630B90246234B244840F20F31F4
:1086B00001F04EFBC9F30A55C9F313030DB143F49E
:1086C00080130193B8F1000323D068460093FFF7AD
:1086D0000CFDDDE90012D0B1C0F1200302FA03F372
:1086E0000B43C24063610192019BA361002B0CBF4D
:1086F000012202222261A5B1A5F2334505443D6065
:10870000C0F135003060204603B0BDE8F083616100
:10871000EAE701A8FFF7E9FC019B63612030012231
:10872000E8E704EB8203A0F2324038601869FFF7F3
:10873000BDFCC0EB4210E5E7ADA70008BEA70008EE
:108740002DE9F04F85B0CDE9001002A9FFF756FFE3
:10875000009803A955EC104BFFF750FF019B1969D6
:10876000009B1B69C91ADDE902329B1A5BEC10AB56
:1087700003EB4113002BCEBF2A46C3EB03335A460B
:108780002F46D946CCBF02EB035702EB03594B46A9
:10879000524620463946F8F761F841EC100B05B017
:1087A000BDE8F08F013970B549111469013102F14A
:1087B000140300EB810103EB8404051FA3420CD3D7
:1087C000A31A113B23F003031132A24288BF0023F6
:1087D00018440023884205D370BD53F8046B45F854
:1087E000046FEBE740F8043BF4E700F11402006982
:1087F0004B11984210B511DB0ADD11F01F0107D0B3
:1088000052F8234024FA01F000FA01F18C420BD116
:1088100002EB8303934203D8002010BD0346F7E721
:1088200053F8041D0029F5D00120F6E770B5044681
:108830000D4645EC104B1646FFF7BAFE51EC100BF7
:108840007EB1C5F30A53C3F16B03002B09DD1B0591
:1088500003F17F55002405F5401522462B46F7F716
:10886000D3FE41EC100B70BD2DE9F04F9FB00C46CC
:10887000179200221A9205904FF0000A4FF0000B59
:108880000A46199211782B294AD038D80D2932D8A6
:10889000082932D800293BD000220B92199D2A7852
:1088A000302A40F0B3806A7802F0DF02582A6ED195
:1088B00002930B9B01931AAB00938E4A05981BAB56
:1088C00019A901F0DFFA10F00F06044605D0062EB4
:1088D00028D10135002319950B93179B002B40F0ED
:1088E0008E850B9BCBB152460BF1004343EC102B12
:1088F0001FB0BDE8F08F2029CED10132C1E72D296C
:10890000CAD101210B91511C19915278002AC5D16D
:10891000179B1994002B40F0708552465B46E5E7A3
:108920000021EFE71A9A3AB135211CA8FFF73AFF68
:108930001A990598FFF708FB013E1B9A042E06D8EA
:10894000DFE806F014031D201400DDE91CABE1058F
:1089500048BF4BF0004B2BF000431B0D1B05002BB9
:10896000BBD1FEF721FB22230360B6E7DDE91CA3A0
:1089700002F2334223F4801343EA025BE7E7DFF8B5
:108980007CB1E4E76FF0004B4FF0FF3ADFE7199B53
:108990005A1C19925B78302BF9D0002B9DD0012303
:1089A0000993199B0C93002308930A931F460A22EC
:1089B00019980578A5F13003D9B2092928D94E496B
:1089C000012201F079F9002832D000202A468146A0
:1089D0003D460346652A01D0452A14D11DB9099A9E
:1089E000024395D00025199C621C199262782B2AAB
:1089F00077D02D2A7BD04FF0000CA2F1300109294D
:108A000040F2828019944FF00008A2E00023C7E7EB
:108A1000082FD5BF0A99089902FB013302FB0133E5
:108A200000F10100D4BF0A93089301371990BFE702
:108A3000199B5A1C19925A787FB381463D46A2F180
:108A40003003092B12D90123C4E7199B5A1C199230
:108A50005A780130302AF8D0A2F13103082B00F205
:108A6000D384199B0C93814600200546303A00F1CF
:108A700001032AD0994400EB050C2B460A216345DB
:108A80000DD1691C01442844082816DC0A980A23E1
:108A900003FB00230A93002318E03846DAE7082B8B
:108AA00003F1010303DC0A9E4E430A96E7E7102B0D
:108AB000DEBF089E4E430896E1E70F28EBDC0898DE
:108AC0000A2303FB00230893E5E72946199A501C63
:108AD0001990527818460D46B1E74FF0000901236E
:108AE0007DE74FF0000CA21C1992A27885E74FF0A9
:108AF000010CF8E730A9000818A900080000F07F71
:108B0000199A511C19915278302AF9D0A2F13101E9
:108B100008293FF678AF303A0E92199A0F924FF02B
:108B20000A08199A561C19965278A2F1300EBEF115
:108B3000090F39D90F99761A082E44F61F6803DCFD
:108B40000E998845A8BF8846BCF1000F01D0C8F136
:108B50000008002D4ED1099908437FF4BEAE002BCA
:108B60007FF4D6AE692A28D025DC492A25D04E2AA2
:108B70007FF4CEAE9B4919A801F0A6FB00283FF474
:108B8000C7AE199B1B78282B2ED197491CAA19A870
:108B900001F0AEFB052827D11D9BDDF870A043F046
:108BA000FF4B4BF4E00B98E60E9908FB0121A1F175
:108BB00030020E92B5E76E2ADAE78C4919A801F067
:108BC00083FB00283FF4A4AE199B8949013B19A8F7
:108BD000199301F079FB10B9199B01331993DFF850
:108BE00020B24FF0000A78E6824801F0A9F85BEC69
:108BF00010AB72E6A8EB09030A980993002F08BF8F
:108C00002F46102D2C46A8BF1024F7F783FC092D02
:108C100082468B4613DC099B002B3FF45EAE099B1A
:108C200078DD162B5FDC744901EBC301D1E900014B
:108C300052465B46F7F7E8FC82468B464DE66E4BA4
:108C400003EBC40353E91223F7F7DEFC82460898CE
:108C50008B46F7F75FFC02460B4650465946F7F73E
:108C60001DFB0F2D82468B46D5DD099B2C1B1C441A
:108C7000002C40F3968014F00F030AD05E4901EBFC
:108C8000C30152465B46D1E90001F7F7BDFC8246BD
:108C90008B4634F00F0473D0B4F59A7F48DD00247E
:108CA000A0460A94A146059ADFF854B12223136026
:108CB0004FF0000A0A9B002B3FF40FAE1A9905985B
:108CC000FFF742F905984946FFF73EF905984146F6
:108CD000FFF73AF90A990598FFF736F90598214602
:108CE000FFF732F9F9E5099AC5F125039342BCDB98
:108CF000414CC5F10F0504EBC50152465B46D1E975
:108D00000001F7F781FC099B5D1B04EBC504D4E966
:108D100000238FE71633A8DB374BA9EB080803EBDA
:108D2000C808D8E9002350465946F7F797FD83E76E
:108D3000324B089300232411504659461E46012CFD
:108D400021DC0BB182468B462C49ABF1547B01EB05
:108D5000C60152465B46D1E90001F7F755FC284BA6
:108D60000A460B4027498B42824698D8A1F58011CC
:108D70008B4286BFDFF890B04FF0FF3A02F1547B90
:108D8000002308937AE0E20705D5089BD3E9002386
:108D9000F7F73AFC0123089A08320136641008926A
:108DA000CDE7EDD0644214F00F020AD0124B03EB72
:108DB000C20350465946D3E90023F7F74FFD8246D8
:108DC0008B462411DCD01F2C20DD0024A0460A9401
:108DD000A146059A22234FF0000A4FF0000B1360C2
:108DE00068E700BF05A700081CA90008FDA6000849
:108DF00034A70008C5AA000850A8000828A8000841
:108E00000000F07F0000A07CFFFFEF7F14F0100354
:108E100018BF6A23A94E0893504659460023E2071B
:108E200004D5D6E90023F7F7EFFB0123641006F120
:108E30000806F4D10BB182468B46089BB3B1CBF345
:108E40000A52C2F16B03002B59460FDD1F2B55DD73
:108E5000342BDEBF4FF0FF33C2F14B0293404FF093
:108E6000000ACCBF4FF05C7B03EA010B0022002319
:108E700050465946F7F730FE0028A6D10A9B0093CA
:108E80000C9905982B463A46FFF7C6F80A90002839
:108E90003FF405AF099A002AA9EB0803A8BF0023F5
:108EA0001293002422EAE2731693A0460A9B0598C7
:108EB0005968FFF709F8814600283FF4F4AE0A9B91
:108EC0001A69023203F10C0192000C30FEF799F896
:108ED0004BEC10AB05981CAA1BA9CDE90CABFFF716
:108EE000D7FB1A9000283FF4DEAE05980121FFF76A
:108EF00029F9804648B94FF00008D4E64FF0FF3218
:108F000002FA03F303EA0A0AB0E71B9D1C9A002D3C
:108F1000ABBF129B169B169E129FACBFEF185E1B39
:108F2000089BED1A1544664B013D9D42C2F1360285
:108F300050DA5B1B1F2BA2EB03024FF001013DDC5B
:108F400001FA03F3139300231093BD18089BAF425B
:108F500016441E443B46A8BF2B46B342A8BF334627
:108F6000002BC2BFED1AF61AFF1A129B002B16DD5A
:108F7000414605981A46FFF7A5F980460028BAD061
:108F800001461A9A0598FFF7F3F80E9000283FF46F
:108F90008AAE1A990598FEF7D7FF0E9B1A93002DFB
:108FA0001DDC099B002B23DD4946169A0598FFF727
:108FB00089F98146E0B94FF0000974E6C5F17F45B3
:108FC00005F57F0505F57B45E23501FA05F31093BC
:108FD0001391BAE70023109301231393B5E71A996D
:108FE00005982A46FFF7C8F91A900028D9D15AE601
:108FF000002E07DD494605983246FFF7BDF9814648
:109000000028D8D0002F08DD414605983A46FFF7E2
:10901000B3F9804600283FF446AE1A9905984A46AF
:10902000FFF732FA044600283FF43DAEC3680F93C1
:109030000023C3604146FFF70BFA002846DA0F9B76
:1090400053EA0A036CD1CBF31303002B68D12BF046
:1090500000431B0D1B05B3F1D66F61D9636913B9CA
:109060002369012B5CDD214601220598FFF784F975
:1090700041460446FFF7ECF9002851DD2BF0004390
:10908000089A1B0D1B05002A6BD0B3F1D66F68D868
:10909000B3F15C7F7FF69DAE0A4B504659460022E5
:1090A000F7F7B2FA084B0B4082468B46002B7FF451
:1090B00005AE059A2223136000E600BF48A9000808
:1090C00002FCFFFF000050390000F07FCDF838B0FF
:1090D00065D10F9ACBF313035AB39F4A93422BD116
:1090E000089B514603B39D4B5A461340B3F1D46FCE
:1090F0004FF0FF321BD81B0DC3F16B0302FA03F3D1
:10910000994219D1964B0E9A9A4202D101313FF4FD
:10911000CAAD924B0E9A1A4002F5801B4FF0000A1E
:10912000089B002BB8D1C9E54FF0FF33E8E71346A1
:10913000E6E753EA0A03A1D0109BDBB10E9A134273
:10914000EED00F9B089A50465946BBB1FFF76EFB15
:10915000DDE90C0153EC102BF7F7A0F882468B46A3
:10916000DEE7A3F580136FEA135B6FEA0B5B4FF04A
:10917000FF3AD5E7139B13EA0A0FE1E7FFF756FB27
:10918000DDE90C0153EC102BF7F786F800220023E1
:1091900082468B46F7F7A0FC0028C1D019E641466D
:1091A0002046FFF7CDFA57EC106B00224FF08043BA
:1091B00030463946F7F7A4FC00286FD00F9B002BF0
:1091C0007AD1BAF1000F58D10E9BC3F31303002BD1
:1091D0005AD1644B002230463946F7F787FC002805
:1091E00059D130463946604B0022F7F70DFA064652
:1091F0000F4607F1004306960793DDE90623574D16
:10920000CDE910230E9B1D40584B9D4240F0B2808B
:109210000E9BA3F1547B4BEC10ABFFF7C9F9DDE9D2
:10922000062351EC100BF7F7EFF952465B46F7F7C0
:1092300035F80B4649494E4A19409142824642D977
:109240000D9A474B9A4203D10C9B01333FF42BAD4F
:10925000DFF80CB14FF0FF3A1A990598FEF774FE4B
:1092600005984946FEF770FE05984146FEF76CFEEC
:1092700005982146FEF768FE18E6BAF1010F03D102
:109280000E9B002B3FF4A5AD9FED2B7B354F8DED55
:10929000067B0026B1E7344F0026AAE7324B304662
:1092A00039460022F7F7B0F90F9B06460F46002B10
:1092B0009FD0CDE90667A0E79FED217B8DED067B72
:1092C00057EC176B99E703F1547B089BCDF838B046
:1092D000002BC1D12BF000431B0D1B059D42BBD1C0
:1092E00030463946F7F7F0FCF7F760F902460B46CF
:1092F00030463946F6F7D0FF0B460246CDE90C233F
:10930000CBF313060F9B46EA0A061E436FD00EA34B
:10931000D3E90023F7F7EAFB00287FF4CFAC0CA3D6
:10932000D3E90023DDE90C01F7F7FEFB002893D019
:10933000C4E400BFAFF30080000000000000F0BFF5
:10934000000000000000F03F9535A094FFFFDF3FD4
:1093500035E5AF350000E03FFFFF0F000000F07F74
:10936000FFFFEF7F0000F03F0000E03F0000E07FE4
:10937000FFFF9F7C089B23B3B5F1D46F21D828A3AE
:10938000D3E9002330463946F7F7BAFBA0B1394696
:109390003046F7F711FC012838BF0120F7F7BAF87B
:1093A0000F9B06460F46FBB901F10043149015933D
:1093B000DDE91423CDE91023119B03F1D6635B1B78
:1093C00011939DED0C0BDDE910ABFFF7F1F8504662
:1093D00053EC102B5946F7F717F9DDE90C23F6F794
:1093E0005DFF82468B4670E7CDE91467E0E70EA388
:1093F000D3E90023F7F77AFB98E700230B93179A3A
:10940000199B1360FFF76DBA652A3FF466AB452AD6
:109410003FF463AB0123FFF79EBB00BFAFF30080B7
:109420000000C0FFFFFFDF419535A094FFFFCF3F55
:10943000014BFFF719BA00BF6C000020242B2DE967
:10944000F0478646904601D8012B06D1FDF7ACFDCA
:10945000162303600020BDE8F08734480D462A46F5
:1094600015F8014B065D16F00806F8D12D2C2DD10C
:109470002C780126951C33F0100209D1302C2AD10A
:109480002A7802F0DF02582A25D16C7810230235A1
:1094900006F1004C0CF1FF3C0022BCFBF3F9104636
:1094A00003FB19CAA4F13007092F1BD83C46A3427D
:1094B00027DD571C07D0814520D301D1A2451DDBF4
:1094C00000FB0340012215F8014BEBE72B2C04BFF6
:1094D0002C78951CCFE7002BDAD1302C0CBF082359
:1094E0000A23D5E7A4F14107192F01D8373CDEE75D
:1094F000A4F16107192F04D8573CD8E74FF0FF3289
:10950000E1E7531C08D12223CEF800306046B8F1C1
:10951000000FA0D0691E06E006B14042B8F1000F6E
:1095200099D0002AF6D1C8F8001094E771A9000874
:10953000FFF784BF2DE9F0478E681F46BE420B68D7
:1095400082460C4690462DD8B1F90C2012F4906F4B
:1095500026D06569096905EB4505A3EB010905EB13
:10956000D5757B1C4B446D109D4238BF1D4653057D
:1095700027D52946FEF71CFC064660B321694A46FA
:10958000FDF73FFDA38923F4906343F08003A3819B
:10959000266165614E44A5EB09052660A5603E463F
:1095A000BE4200D93E4620683246414600F06AFB82
:1095B000A3689B1BA3602368334423600020BDE89D
:1095C000F0872A4600F041FF06460028E0D12169D5
:1095D0005046FEF779FB0C23CAF80030A38943F00C
:1095E0004003A3814FF0FF30E9E700002DE9F04F81
:1095F00098468B891B069DB007460D46144610D52C
:109600000B6973B94021FEF7D3FB2860286130B99C
:109610000C233B604FF0FF301DB0BDE8F08F4023BE
:109620006B610023099320238DF82930CDF80C803D
:109630003023DFF89C818DF82A304FF00109234652
:109640009A4613F8012B0AB1252AF9D1BAEB040B7B
:109650000BD05B46224629463846FFF76BFF0130A8
:1096600000F0A780099A5A4409929AF80030002B1A
:1096700000F09F8000234FF0FF32CDE905230AF16F
:10968000010A049307938DF853301A935446052228
:1096900014F8011B4E48F6F7A3FD049AD8B9D0067A
:1096A00044BF20238DF85330110744BF2B238DF87E
:1096B00053309AF800302A2B15D0079A54460020D0
:1096C0004FF00A0C214611F8013B303B092B4BD9D6
:1096D000B0B1079214E0A0EB080309FA03F31343B7
:1096E0000493A246D2E7039B191D1B680391002B2C
:1096F000BBBF5B4242F0020207930793B8BF0492DC
:1097000023782E2B0AD163782A2B32D1039B1A1D82
:109710001B68039243EAE37302340593DFF8C0A0A9
:10972000217803225046F6F75BFD38B1049BA0EB8D
:109730000A004022824013430134049314F8011BB1
:1097400024488DF828100622F6F74AFD002836D066
:10975000214B1BBB039B073323F007030833039301
:10976000099B334409936AE70CFB02320C46012043
:10977000A8E700230134059319464FF00A0C204650
:1097800010F8012B303A092A03D9002BC6D00591D5
:10979000C4E70CFB012104460123F0E703AB00936F
:1097A0002A460E4B04A93846FCF7B6FB421C064677
:1097B000D6D1AB895B063FF52DAF09982CE703ABFB
:1097C00000932A46054B04A93846FCF73DFEEDE719
:1097D00071AA00087BAA0008195F000835950008E7
:1097E00077AA00089368013B002B10B4936008DA55
:1097F0009469A34201DB0A2903D15DF8044BFDF70C
:10980000ECBA1368581C1060197008465DF8044BD8
:109810007047F8B506460F461446D518AC4201D13C
:10982000002007E014F8011B3A463046FFF7DAFF44
:10983000431CF3D1F8BD00002DE9F04F0D469DB05B
:1098400014469846064618B1036A0BB9FDF7BCF9F1
:109850006B6ED90705D4AB899A0502D4A86DFDF7C4
:10986000CEFBAB891B0701D52B699BB92946304636
:10987000FDF7F2FA70B16B6EDC0704D54FF0FF30E4
:109880001DB0BDE8F08FAB899805F7D4A86DFDF742
:10989000B7FBF3E70023099320238DF82930CDF897
:1098A0000C803023DFF8AC818DF82A304FF00109AD
:1098B00023469A4613F8012B0AB1252AF9D1BAEBAF
:1098C000040B0BD05B46224629463046FFF7A1FF2A
:1098D000013000F0A780099A5A4409929AF80030A2
:1098E000002B00F09F8000234FF0FF32CDE90523CD
:1098F0000AF1010A049307938DF853301A935446E2
:10990000052214F8011B5348F6F76AFC049AD8B9EB
:10991000D10644BF20238DF85330130744BF2B23B7
:109920008DF853309AF800302A2B15D0079A5446F8
:1099300000204FF00A0C214611F8013B303B092B67
:109940004BD9B0B1079214E0A0EB080309FA03F376
:1099500013430493A246D2E7039B191D1B6803918E
:10996000002BBBBF5B4242F0020207930793B8BFD4
:10997000049223782E2B0AD163782A2B32D1039BB1
:109980001A1D1B68039243EAE37302340593DFF860
:10999000D4A0217803225046F6F722FC38B1049B6C
:1099A000A0EB0A004022824013430134049314F8D0
:1099B000011B29488DF828100622F6F711FC002813
:1099C0003FD0264B1BBB039B073323F00703083311
:1099D0000393099B3B4409936AE70CFB02320C4654
:1099E0000120A8E700230134059319464FF00A0C23
:1099F000204610F8012B303A092A03D9002BC6D093
:109A00000591C4E70CFB012104460123F0E703ABF9
:109A100000932A46124B04A93046FCF77DFA07460C
:109A2000781CD6D16B6ED90705D4AB899A0502D4C0
:109A3000A86DFDF7E5FAAB895B063FF51FAF099806
:109A40001EE703AB00932A46054B04A93046FCF7FA
:109A5000FBFCE4E771AA00087BAA0008195F000874
:109A60001398000877AA0008B1F90C202DE9F041FD
:109A7000160705460C4654D44B68002B02DC0B6CD1
:109A8000002B48DDE66A002E45D0002312F48052F8
:109A90002F68216A2B6030D0626DA389590705D5E4
:109AA0006368D21A636B0BB1236CD21A0023E66A87
:109AB000216A2846B047431CA38906D129681D297D
:109AC0002BD82A4A0A41D60727D400226260D9043B
:109AD0002269226004D5421C01D12B6803B960655C
:109AE000616B2F60B9B104F14403994202D028465A
:109AF000FEF7EAF8002363630DE001232846B04730
:109B00000246501CC9D12B68002BC6D01D2B01D09A
:109B1000162B1ED12F60002022E043F040031BB221
:109B20001BE00F69002FF6D093070E6808BF4B6942
:109B30000F6018BF0023A6EB07088B60B8F1000F79
:109B4000E9DD216AA66A43463A462846B04700281E
:109B500008DCB4F90C3043F04003A3814FF0FF3030
:109B6000BDE8F0810744A8EB0008E7E7FEFFBFDF90
:109B700038B50B6905460C4613B90025284638BD93
:109B800018B1036A0BB9FDF71FF8B4F90C30002BBC
:109B9000F3D0626ED00704D4990502D4A06DFDF70E
:109BA0002EFA28462146FFF75FFF636EDA07054667
:109BB000E4D4A3899B05E1D4A06DFDF721FADDE78C
:109BC00070B50C46B1F90E10002996B015461E4628
:109BD0000DDAA38913F0800F4FF0000114BF40236A
:109BE0004FF48063002031602B6016B070BD6A4670
:109BF00000F074F80028ECDB019901F47041A1F544
:109C00000053594259414FF48063EBE78B89F7B514
:109C10009D0706460C4607D504F1470323602361E0
:109C20000123636103B0F0BD01AB6A46FFF7C8FFD3
:109C3000009F054639463046FEF7BAF848B9B4F9F0
:109C40000C309A05EED423F0030343F00203A38102
:109C5000E2E7A389206043F08003A381019BC4E96C
:109C600004075BB1B4F90E10304600F049F828B192
:109C7000A38923F0030343F00103A381A3891D43B8
:109C8000A581CFE7884210B501EB020402D98442D6
:109C9000234607D8431EA14208D011F8012B03F830
:109CA000012FF8E7024401468A4200D110BD13F8A3
:109CB000014D02F8014DF7E710B56AB1013984187A
:109CC00010F8012B11F8013F9A4203D1A04201D0B4
:109CD000002AF5D1D01A10BD1046FCE738B5074D63
:109CE00000230446084611462B60F7F7DFFB431CB0
:109CF00002D12B6803B1236038BD00BF344D002072
:109D000038B5064D0023044608462B60F7F7DEFB06
:109D1000431C02D12B6803B1236038BD344D0020B1
:109D200038B5064D0023044608462B60F7F7E6FBDE
:109D3000431C02D12B6803B1236038BD344D002091
:109D40009FED010B704700BF000000000000F87F8E
:109D50001FB514461A46094B1B680546D86854B906
:109D6000074B1C46CDE9013400912B46054900F014
:109D7000A7FB00F0B7FB044BF4E700BF1C0000207A
:109D8000C5AA000897AA00088AAA000870B5A1FB16
:109D900002543CB92946FEF70BF8064628B90026BE
:109DA000304670BD0C220260F9E72A462146FDF7D5
:109DB000A9F8F5E70369B3EB611F2DE9F0434FEA1A
:109DC000611200F1140445DD11F01F0104EB83065C
:109DD00004EB82050CD100F110072946B14234D3BF
:109DE0009B1A9B00EA1E964238BF0023234415E0CD
:109DF00054F82270C1F12008CF4005F1040EA146AD
:109E00007645F44615D89A1A9200043A0135AE42C6
:109E100038BF0022A318A75007B104331A1BA3426E
:109E20004FEAA20208BF0023026108BF4361BDE8F8
:109E3000F083DCF800C00CFA08FC4CEA070749F88C
:109E4000047B5EF8047BCF40DAE751F804CB47F897
:109E500004CFC3E72346E1E7A0F13003092B02D882
:109E60002038C0B27047A0F16103052B01D84738F4
:109E7000F7E7A0F14103052B01D82738F1E70020CF
:109E8000704700002DE9F04F85B08A4602930B68B9
:109E9000019090469C1CA14614F8010B3028FAD082
:109EA000A9EB0303A3F1020BFFF7D6FF0546002839
:109EB00068D1A04901224846FFF7FEFE0746002868
:109EC00067D199F801002646FFF7C6FF002862D047
:109ED000234618783028994603F10103F9D0FFF79B
:109EE000BBFFB0FA80F56D094FF0010B4A461646EC
:109EF00001323078FFF7B0FF0028F8D18D490122F8
:109F00003046FFF7D9FE00283FD144B9741C2246E1
:109F1000164601323078FFF79FFF0028F8D1A41BC6
:109F2000A700337803F0DF03502B3ED173782B2B3F
:109F300033D02D2B34D0711C00240878FFF78CFF10
:109F4000431EDBB2182B30D8A0F1100211F8010F1C
:109F5000FFF782FF00F1FF3C5FFA8CFCBCF1180FA9
:109F60004FF00A031ED904B152421744CAF8001038
:109F7000EDB1BBF1000F0CBF06250025284605B04A
:109F8000BDE8F08F00252C46B0E7002CC7D127464E
:109F9000C7E74E462F460125C3E70024B11CCCE796
:109FA0000124FBE703FB0200CEE73146DEE7A6EB28
:109FB0000903013B2946072B0ADC0198FDF784FFC2
:109FC000044640B95C4B0246E4215C48FFF7C0FE02
:109FD00001315B10EFE700F1140A002355469B4660
:109FE000B14537D345F804BBA5EB0A05AD10256193
:109FF0005846FEF75BF86D01D8F800602D1AB5429F
:10A0000054DDAD1B29462046FEF7EFFB814678B1B3
:10A010006B1E591103F01F025AF821104FF001096D
:10A0200009FA02F20A4203D04B4536DC4FF002092E
:10A0300029462046FFF7BEFE2F44D8F80830BB4221
:10A0400042DA01982146FDF77FFF0E9A0023136044
:10A05000A32593E716F8012D2E2A12D0202B04D128
:10A0600045F804BB4FF0000B5B4630780393FFF7D5
:10A07000F3FE039B00F00F0098404BEA000B043303
:10A08000AEE7B145EAD82B49039301223046FFF7EA
:10A0900013FE039B0028E1D1A2E7A91E2046FEF78C
:10A0A000A4FB0028C2D04FF00309C1E709DA751BF1
:10A0B000214601982A46FEF75FF97F1B044600F10E
:10A0C000140A4FF00009B8E7D8F80450BD426FDD1C
:10A0D000ED1BAE4234DCD8F80C30022B22D0032B1F
:10A0E00024D0012B15D1AE4213D1012E0BD1029AEF
:10A0F000D8F80430136001232361CAF800300E9BA6
:10A1000062251C603AE7711E2046FEF76EFB0028B0
:10A11000EDD101982146FDF717FF0E9A0023136039
:10A1200050252BE70F9B002BF3D1E0E70F9B002B73
:10A13000DDD1EEE718A90008ADA70008C6AA0008FF
:10A140006F1EB9F1000F30D127B139462046FEF716
:10A150004CFB81467A1101235AF8222007F01F0791
:10A16000BB4013422946204618BF49F00209FFF7B9
:10A1700021FED8F80470761B0225B9F1000F47D0F4
:10A18000D8F80C30022B15D0032B17D0012B09D196
:10A1900019F0020F06D0DAF8003049EA030919F085
:10A1A000010F0ED145F0100532E04FF00109D1E763
:10A1B0000125E2E70F9BC3F101030F930F9B002BD7
:10A1C000F0D0D4F810B004F114034FEA8B0A03EB7B
:10A1D0008B014FF0000C184653F8042BB2F1FF3FEF
:10A1E0001BD001320260022D04F114033CD1D8F8D7
:10A1F0000020013AB24209D17111012253F82130F5
:10A2000006F01F0602FA06F61E423AD145F0200576
:10A210000E9B1C60029B1F60B0E6994243F804CC81
:10A22000D9D8A3689B4517DB616801980131FDF718
:10A230004BFE814618B91A4B02468421C5E62269B5
:10A24000023204F10C0192000C30FCF7DAFE2146D8
:10A250000198FDF779FE4C4623695A1C04EB8303F1
:10A26000226101225A61BEE722695A450BDD0121B4
:10A270002046FFF79FFDD8F808300137BB42FFF6B4
:10A28000E0AE0125C2E716F01F06FAD05344C6F12E
:10A29000200653F8040CFDF709FFB042E7DBF0E7B6
:10A2A000ADA70008C2F10802920070B5C2F1200605
:10A2B0004368046803FA06F52C43D340046040F871
:10A2C000043F8842F4D370BD30B50368013311F800
:10A2D000014B14B90360012030BD13F8012BA2F12A
:10A2E0004105192D98BF2032A242F0D00020F3E79B
:10A2F0002DE9F04F0B6801685E1102EB860613F042
:10A300001F0387B018BF04360025371F82469046CA
:10A31000019346F8045CB9463C460295AB464A7840
:10A320004B1C039342B3104605910492FFF794FD32
:10A33000002851D1049A0599202A18D8029B9B45E0
:10A3400013DD4C4506D2072D04DC2A46494620463B
:10A35000FFF7A8FF444552D90023A4F1040944F8AB
:10A36000043CCDF808B04C461D460399D7E7292A8E
:10A3700057D10231CAF80010BBF1000F51D04C4543
:10A3800006D2072D04DC2A4649462046FFF78AFFFD
:10A39000444536D9A8F10402234653F8041B42F879
:10A3A000041F9F42F9D23B1B23F003030433013403
:10A3B000033EB44288BF04234344002243F8042BE5
:10A3C0009F42FBD23B681BB9474528D101233B6024
:10A3D000052007B0BDE8F08F0135082D0BF1010B0A
:10A3E00006DD4445C1D9002344F8043C0125043C62
:10A3F000226800F00F0040EA02102060B5E708254F
:10A40000B3E7019B002BDDD0C3F120034FF0FF32F7
:10A41000DA4056F8043C134046F8043CD2E7043FC7
:10A42000D0E70420D5E782B001B901A942B14BB110
:10A4300013780B601278101E18BF012002B070470D
:10A440001046FBE76FF00100F8E72DE9F041804688
:10A4500015460C4621B9BDE8F0411146FDF7A8BCF0
:10A460002AB9FDF731FC00242046BDE8F08100F058
:10A4700040F88542064602D8B5EB500FF4D829467D
:10A480004046FDF795FC07460028ECD0B5422A4629
:10A49000214628BF3246FCF7B4FD21464046FDF771
:10A4A00013FC3C46E0E70346084641B1FF2A04D9C5
:10A4B0008A221A604FF0FF3070470A7001207047FF
:10A4C0000EB403B5014603AB054853F8042B0068EE
:10A4D0000193FFF7B1F902B05DF804EB03B07047E8
:10A4E0001C00002008B5062000F034F80120F6F723
:10A4F0008DFF51F8043C181F002BBCBF0B58C0182F
:10A5000070471F2938B505460C4604D91623036049
:10A510004FF0FF3038BDC26B12B152F821304BB949
:10A52000284600F031F8224601462846BDE838406A
:10A5300000F018B8012B0AD0591C03D11623036070
:10A540000120E7E7002142F8241020469847002028
:10A55000E0E70000024B01461868FFF7D2BF00BFDA
:10A560001C00002038B5074D00230446084611465C
:10A570002B60F6F73BFF431C02D12B6803B123602D
:10A5800038BD00BF344D0020F6F728BFF8B500BF36
:10A59000F8BC08BC9E467047F8B500BFF8BC08BCC4
:04A5A0009E4670471C
:10A5A80064656661756C745461736B006B65795F83
:10A5B8007461736B000000006B65795F7175657578
:10A5C8006520637265617465206661696C75726582
:10A5D8000D0000006B65795F7175657565206372A4
:10A5E80065617465207375636365737366756C6CF8
:10A5F800790D00004B45595F52454C454153452C58
:10A60800206E6F77203D205B256C645D0D0A00008D
:10A618004B45595F53484F52545F50524553532C42
:10A62800206E6F77203D205B256C645D0D0A00006D
:10A638004B45595F444F55424C455F505245535323
:10A648002C206E6F77203D205B256C645D0D0A0021
:10A658004B45595F4C4F4E475F50524553532C2042
:10A668006E6F77203D205B256C645D0D0A0000004D
:10A678004661696C656420746F2073656E6420742C
:10A688006865206B65795F71756575652C206E6FDF
:10A6980077203D205B256C645D0D0A0049444C45DC
:10A6A80000000000546D722053766300546D72519F
:10A6B80000000000A8A5000800000000000000003D
:10A6C8000000000000000000000200001800000068
:10A6D8000000000000000000000000000000000072
:10A6E8000102030406070809000000000102030430
:10A6F800494E4600696E66004E414E006E616E001E
:10A7080030003031323334353637383941424344FA
:10A718004546003031323334353637383961626373
:10A728006465660065256C6400496E66696E6974C7
:10A7380079004E614E005245454E54206D616C6C57
:10A748006F6320737563636565646564002F627564
:10A75800696C642F676E752D746F6F6C732D666FDF
:10A76800722D73746D33325F31322E332E72656CF5
:10A77800312E32303234303631322D313331352FBB
:10A788007372632F6E65776C69622F6E65776C697B
:10A79800622F6C6962632F7374646C69622F6474CE
:10A7A8006F612E630042616C6C6F63207375636325
:10A7B8006565646564002F6275696C642F676E75E2
:10A7C8002D746F6F6C732D666F722D73746D3332C9
:10A7D8005F31322E332E72656C312E323032343086
:10A7E8003631322D313331352F7372632F6E6577E1
:10A7F8006C69622F6E65776C69622F6C6962632F72
:10A808007374646C69622F6D707265632E630000E7
:10A8180005000000190000007D0000000000000095
:10A828000080E03779C34143176E05B5B5B8934644
:10A83800F5F93FE9034F384D321D30F94877825A10
:10A848003CBF737FDD4F1575000000000000F03F2E
:10A8580000000000000024400000000000005940F3
:10A868000000000000408F40000000000088C34046
:10A8780000000000006AF8400000000080842E41BB
:10A8880000000000D01263410000000084D7974107
:10A898000000000065CDCD41000000205FA002420D
:10A8A800000000E876483742000000A2941A6D4282
:10A8B800000040E59C30A2420000901EC4BCD64275
:10A8C80000003426F56B0C430080E03779C3414320
:10A8D80000A0D8855734764300C84E676DC1AB4396
:10A8E800003D9160E458E143408CB5781DAF1544B4
:10A8F80050EFE2D6E41A4B4492D54D06CFF080448F
:10A90800F64AE1C7022DB544B49DD9794378EA44A3
:10A918002E00000034000000CEFBFFFFCB03000038
:10A92800010000000000000035000000CEFBFFFF22
:10A93800CB03000001000000000000000000000040
:10A94800BC89D897B2D29C3C33A7A8D523F64939FD
:10A958003DA7F444FD0FA5329D978CCF08BA5B251F
:10A96800436FAC6428066811002020202020202096
:10A9780020202828282828202020202020202020A7
:10A9880020202020202020202088101010101010B7
:10A998001010101010101010100404040404040403
:10A9A800040404101010101010104141414141419D
:10A9B800010101010101010101010101010101017F
:10A9C800010101011010101010104242424242428F
:10A9D800020202020202020202020202020202024F
:10A9E80002020202101010102000000000000000F7
:10A9F800000000000000000000000000000000004F
:10AA0800000000000000000000000000000000003E
:10AA1800000000000000000000000000000000002E
:10AA2800000000000000000000000000000000001E
:10AA3800000000000000000000000000000000000E
:10AA480000000000000000000000000000000000FE
:10AA580000000000000000000000000000000000EE
:10AA6800000000000000000000232D302B200068AB
:10AA78006C4C00656667454647004300504F534994
:10AA880058002C2066756E6374696F6E3A200061F9
:10AA98007373657274696F6E202225732220666154
:10AAA800696C65643A2066696C6520222573222CDE
:10AAB800206C696E65202564257325730A002F6252
:10AAC80075696C642F676E752D746F6F6C732D6666
:10AAD8006F722D73746D33325F31322E332E72657F
:10AAE8006C312E32303234303631322D313331350B
:10AAF8002F7372632F6E65776C69622F6E65776C42
:10AB080069622F6C6962632F7374646C69622F6762
:10AB180064746F612D6765746865782E6300000042
:08AB2800B856FF7F0100000098
:04AB3000C501000853
:04AB3400A101000873
:10AB38000024F4001000000001000000AAAAAAAA3C
:10AB48000000000003000000F84B00202000002057
:10AB580000000000F84B0020604C0020C84C00208A
:10AB680000000000000000000000000000000000DD
:10AB780000000000000000000000000000000000CD
:10AB880000000000000000000000000000000000BD
:10AB9800000000000000000000000000430000006A
:10ABA800000000000000000000000000000000009D
:10ABB800000000000000000000000000430000004A
:10ABC800000000000000000000000000000000007D
:10ABD800000000000000000000000000430000002A
:10ABE800000000000000000000000000000000005D
:10ABF800000000000000000000000000430000000A
:10AC0800000000000000000000000000000000003C
:10AC180000000000000000000000000043000000E9
:10AC2800000000000000000000000000000000001C
:10AC380000000000000000000000000043000000C9
:10AC480000000000000000000000000000000000FC
:10AC580000000000000000000000000043000000A9
:10AC680000000000000000000000000000000000DC
:10AC7800000000000000000000000000A7A4000879
:10AC880027A400080000000070A9000818A90008FF
:10AC9800C5AA0008C5AA0008C5AA0008C5AA0008D0
:10ACA800C5AA0008C5AA0008C5AA0008C5AA0008C0
:10ACB800C5AA0008FFFFFFFFFFFFFFFFFFFFFFFF21
:10ACC800FFFF000001004153434949000000000014
:10ACD800000000000000000000000000000000006C
:10ACE80000000000000041534349490000000000F3
:10ACF800000000000000000000000000000000004C
:08AD0800000000000000000043
:04000005080016A534
:00000001FF
